href,text,time
./202409/t20240930_11501401.shtml,外交部亚洲司司长刘劲松会见日本驻华使馆临时代办横地晃,2024-09-30
./202409/t20240929_11500825.shtml,外交部礼宾司司长洪磊分别接受芬兰、黑山新任驻华大使递交国书副本,2024-09-29
./202409/t20240927_11499079.shtml,中国政府欧洲事务特别代表吴红波出席马耳他独立60周年招待会,2024-09-27
./202409/t20240926_11497963.shtml,外交部亚洲司司长刘劲松会见印度驻华大使罗国栋,2024-09-26
./202409/t20240925_11496396.shtml,中国政府中东问题特使翟隽访问伊朗,2024-09-25
./202409/t20240923_11494984.shtml,中国政府欧洲事务特别代表吴红波出席第三届中外地理标志产品博览会,2024-09-23
./202409/t20240923_11494887.shtml,中英举行军控与防扩散磋商,2024-09-23
./202409/t20240920_11493943.shtml,外交部亚洲司司长刘劲松会见缅甸驻华大使丁貌瑞,2024-09-20
./202409/t20240920_11493916.shtml,中国政府拉美事务特别代表邱小琪出席古巴驻华使馆庆祝中古建交64周年暨双边教育合作60周年招待会,2024-09-20
./202409/t20240920_11493816.shtml,中国—中东欧国家合作秘书处举办中东欧国家驻华使馆通报会,2024-09-20
./202409/t20240920_11493582.shtml,外交部亚洲司司长刘劲松会见瑞典外交部亚太拉美司司长沃尔文,2024-09-20
./202409/t20240919_11493171.shtml,外交部国际司负责人就联合国未来峰会和第79届联合国大会一般性辩论情况向媒体吹风,2024-09-19
./202409/t20240919_11492895.shtml,外交部军控司司长孙晓波与禁止化学武器组织总干事阿里亚斯举行磋商,2024-09-19
./202409/t20240916_11491698.shtml,外交部亚洲司司长刘劲松会见马来西亚外交部秘书长阿姆兰,2024-09-16
./202409/t20240914_11490905.shtml,中国政府拉美事务特别代表邱小琪出席中美洲独立203周年招待会,2024-09-14
./202409/t20240914_11490859.shtml,中国同巴基斯坦举行军控与防扩散磋商,2024-09-14
./202409/t20240913_11490362.shtml,中国政府拉美事务特别代表邱小琪出席智利独立214周年招待会,2024-09-13
./202409/t20240913_11490306.shtml,落实《南海各方行为宣言》第22次高官会在西安举行,2024-09-13
./202409/t20240913_11490288.shtml,中国政府拉美事务特别代表邱小琪出席墨西哥独立214周年招待会,2024-09-13
./202409/t20240911_11488980.shtml,外交部礼宾司司长洪磊接受瑙鲁新任驻华大使递交国书副本,2024-09-11
./202409/t20240910_11488378.shtml,中国政府中东问题特使翟隽同奥地利总理全球事务特别代表劳恩斯基通电话,2024-09-10
./202409/t20240906_11486772.shtml,中国政府中东问题特使翟隽会见法国参议院外交、防务和军事力量委员会副主席莫雷,2024-09-06
./202409/t20240906_11486476.shtml,中国政府拉美事务特别代表邱小琪出席庆祝中巴建交50周年专场音乐会,2024-09-06
./202409/t20240905_11485676.shtml,外交部军控司司长孙晓波与联合国副秘书长、裁军事务高级代表中满泉举行磋商,2024-09-05
./202409/t20240902_11483513.shtml,中非合作论坛第十七届高官会在北京举行,2024-09-02
./202409/t20240902_11483512.shtml,中国政府欧洲事务特别代表吴红波会见爱沙尼亚议会第一副议长、爱中友好小组主席基维迈吉一行,2024-09-02
./202408/t20240830_11482131.shtml,外交部礼宾司司长洪磊接受挪威新任驻华大使戴伟恩递交国书副本,2024-08-30
./202408/t20240829_11481294.shtml,外交部亚洲司司长刘劲松会见印度外交部东亚司联秘戴国澜,2024-08-29
./202408/t20240829_11481293.shtml,中印举行边境事务磋商和协调工作机制第31次会议,2024-08-29
./202408/t20240829_11481159.shtml,外交部亚洲司司长刘劲松会见蒙古新任驻华大使恩赫包勒德,2024-08-29
./202408/t20240829_11480977.shtml,中国政府太平洋岛国事务特使钱波出席第53届太平洋岛国论坛对话会,2024-08-29
./202408/t20240828_11480651.shtml,外交部亚洲司司长刘劲松会见巴基斯坦、尼泊尔驻华大使,2024-08-28
./202408/t20240827_11480091.shtml,外交部礼宾司司长洪磊接受蒙古新任驻华大使恩赫包勒德递交国书副本,2024-08-27
./202408/t20240827_11479978.shtml,中国政府欧亚事务特别代表李辉就乌克兰危机第四轮穿梭外交举行吹风会,2024-08-27
./202408/t20240826_11479669.shtml,外交部亚洲司司长刘劲松同日方举行磋商,2024-08-27
./202408/t20240825_11479246.shtml,外交部官员谈美国总统国家安全事务助理沙利文访华,2024-08-25
./202408/t20240823_11478729.shtml,外交部礼宾司司长洪磊分别接受爱尔兰、津巴布韦新任驻华大使递交国书副本,2024-08-23
./202408/t20240822_11478136.shtml,中美举行2024年外交部国际法磋商,2024-08-22
./202408/t20240822_11478140.shtml,中国不丹边界问题专家组第十四次会议联合新闻稿,2024-08-22
./202408/t20240819_11475945.shtml,中国政府非洲事务特别代表刘豫锡出席加蓬国庆招待会,2024-08-19
./202408/t20240816_11474956.shtml,外交部礼宾司司长洪磊分别接受拉脱维亚、丹麦新任驻华大使递交国书副本,2024-08-16
./202408/t20240816_11474933.shtml,外交部美大司司长杨涛会见美国青年政治家代表团,2024-08-16
./202408/t20240814_11472424.shtml,中国政府欧亚事务特别代表李辉同教皇乌克兰问题特使通电话,2024-08-14
./202408/t20240811_11469337.shtml,中国同巴基斯坦举行联合国及安理会事务磋商,2024-08-11
./202408/t20240809_11468628.shtml,中俄举行首届和平利用外空事务磋商,2024-08-09
./202408/t20240808_11467953.shtml,外交部条法司司长马新民同俄罗斯外交部条法局局长举行国际法磋商,2024-08-08
./202408/t20240807_11467632.shtml,中国政府欧亚事务特别代表李辉接受南非《星报》（英文）和印尼《罗盘报》（印尼语）书面采访,2024-08-07
./202408/t20240806_11467044.shtml,中国政府欧亚事务特别代表李辉访问印度尼西亚,2024-08-06
./202408/t20240805_11466471.shtml,中国政府中东问题特使翟隽同瑞士中东事务特使布鲁尔哈特通电话,2024-08-05
./202408/t20240805_11466466.shtml,中国政府欧亚事务特别代表李辉接受巴西《圣保罗页报》专访,2024-08-05
./202408/t20240803_11466016.shtml,中国政府欧亚事务特别代表李辉访问南非,2024-08-03
./202408/t20240801_11465024.shtml,中国政府欧亚事务特别代表李辉访问巴西,2024-08-01
./202408/t20240801_11464866.shtml,中国政府非洲事务特别代表刘豫锡访问毛里求斯,2024-08-01
./202408/t20240801_11464130.shtml,中印举行边境事务磋商和协调工作机制第30次会议,2024-08-01
./202407/t20240731_11463569.shtml,中国政府中东问题特使翟隽会见伊朗驻华大使巴赫蒂亚尔,2024-07-31
./202407/t20240731_11463479.shtml,外交部亚洲司负责人就日美“2+2”会议等消极动向向日方提出严正交涉,2024-07-31
./202407/t20240729_11462099.shtml,中国政府非洲事务特别代表刘豫锡访问圣多美和普林西比,2024-07-29
./202407/t20240727_11461654.shtml,外交部大使吕健参加苏丹冲突调停方协调会,2024-07-27
./202407/t20240725_11460436.shtml,外交部涉外安全事务司司长白天出席金砖国家反恐工作组第九次会议,2024-07-25
./202407/t20240724_11459659.shtml,中国政府非洲事务特别代表刘豫锡访问刚果（布）,2024-07-24
./202407/t20240723_11458848.shtml,中国政府中东问题特使翟隽同欧盟中东和平进程特别代表库普曼斯通电话,2024-07-23
./202407/t20240722_11458030.shtml,中国关于无核安保问题的工作文件,2024-07-22
./202407/t20240722_11457979.shtml,中国关于互不首先使用核武器倡议的工作文件,2024-07-22
./202407/t20240722_11457904.shtml,外交部非洲之角事务特使薛冰出席庆祝卢旺达解放30周年招待会,2024-07-22
./202407/t20240715_11454215.shtml,外交部组织驻华使节赴内蒙古参访,2024-07-15
./202407/t20240711_11452444.shtml,全国政协外事委员会主任何平出席《中朝友好合作互助条约》签订63周年纪念招待会,2024-07-11
./202407/t20240710_11451608.shtml,外交部组织驻华使节“步入中国石油”,2024-07-10
./202407/t20240710_11451346.shtml,中国政府中东问题特使翟隽访问摩洛哥,2024-07-10
./202407/t20240708_11449962.shtml,外交部亚洲司司长刘劲松会见日本学者下斗米伸夫,2024-07-08
./202407/t20240708_11449935.shtml,外交部亚洲司司长刘劲松会见韩国学者文正仁,2024-07-08
./202407/t20240706_11449311.shtml,中国政府中东问题特使翟隽访问突尼斯,2024-07-06
./202407/t20240705_11449121.shtml,中国政府代表团团长、常驻日内瓦代表陈旭大使在人权理事会第56届会议核可中国国别人权审议报告时的总结发言,2024-07-05
./202407/t20240705_11449108.shtml,中国政府代表团团长、常驻日内瓦代表陈旭大使在人权理事会第56届会议核可中国国别人权审议报告时的介绍性发言,2024-07-05
./202407/t20240705_11448963.shtml,中国政府欧洲事务特别代表吴红波访问拉脱维亚,2024-07-05
./202407/t20240705_11448866.shtml,外交部中国—中东欧国家合作事务特别代表姜瑜访问保加利亚、斯洛伐克、黑山,2024-07-05
./202407/t20240704_11448255.shtml,外交部阿富汗事务特使岳晓勇赴土库曼斯坦磋商并出席第三次联合国阿富汗问题特使会议,2024-07-04
./202407/t20240704_11448213.shtml,中国政府中东问题特使翟隽访问阿尔及利亚,2024-07-04
./202407/t20240704_11448167.shtml,​外交部亚洲司司长刘劲松会见蒙古驻华大使巴德尔勒,2024-07-04
./202407/t20240704_11446998.shtml,中国政府欧洲事务特别代表吴红波访问爱沙尼亚,2024-07-04
./202407/t20240702_11446087.shtml,中国政府欧亚事务特别代表李辉出席白俄罗斯独立日招待会,2024-07-02
./202407/t20240702_11446011.shtml,中国政府非洲事务特别代表刘豫锡出席布隆迪国庆招待会,2024-07-02
./202407/t20240702_11445893.shtml,中国政府欧洲事务特别代表吴红波同阿尔巴尼亚总理和外长分别会见,2024-07-02
./202407/t20240701_11445270.shtml,中国政府欧洲事务特别代表吴红波访问克罗地亚并出席杜布罗夫尼克论坛,2024-07-01
./202407/t20240701_11445262.shtml,中国政府拉美事务特别代表邱小琪访问委内瑞拉并出席中委建交50周年庆祝活动,2024-07-01
./202407/t20240701_11445261.shtml,外交部亚洲司司长刘劲松会见印尼客人,2024-07-01
./202407/t20240701_11444887.shtml,中国政府欧亚事务特别代表李辉会见瑞士外交部国际安全司司长吕兴格,2024-07-01
./202406/t20240625_11441246.shtml,外交部礼宾司司长洪磊接受马里新任驻华大使达乌递交国书副本,2024-06-25
./202406/t20240625_11441110.shtml,“执行联合国安理会第1540号决议亚太地区国家联络点培训班”开幕,2024-06-25
./202406/t20240624_11440625.shtml,外交部军控司司长孙晓波会见联合国安理会防扩散委员会主席德拉加斯卡,2024-06-24
./202406/t20240624_11440352.shtml,外交部组织驻华使节观看京剧演出,2024-06-24
./202406/t20240621_11439747.shtml,外交部亚洲司司长刘劲松会见泰国外交部东亚司司长比亚帕,2024-06-21
./202406/t20240621_11439503.shtml,中国政府中东问题特使翟隽出席以色列国庆音乐会,2024-06-21
./202406/t20240620_11439107.shtml,中国政府非洲事务特别代表刘豫锡会见利比里亚农业部长努塔,2024-06-20
./202406/t20240618_11437903.shtml,外交部阿富汗事务特使岳晓勇出席中俄伊巴四国阿富汗问题特使会议和奥斯陆论坛,2024-06-18
./202406/t20240617_11437327.shtml,外交部亚洲司司长刘劲松同日方举行磋商,2024-06-17
./202406/t20240614_11436394.shtml,外交部中阿合作论坛事务大使李琛出席加沙人道援助国际会议,2024-06-14
./202406/t20240614_11436025.shtml,中国政府欧洲事务特别代表吴红波出席英国驻华使馆国王生日招待会,2024-06-14
./202406/t20240612_11425102.shtml,中国和巴西举行军控与防扩散磋商,2024-06-12
./202406/t20240611_11424835.shtml,外交部赴贵州举办“驻华使节地方行”考察大数据和基础设施建设产业,2024-06-11
./202406/t20240611_11424690.shtml,外交部组织驻华使节代表团赴山东参访,2024-06-11
./202406/t20240607_11414834.shtml,中德举行军控与防扩散磋商,2024-06-07
./202406/t20240606_11404519.shtml,中国政府太平洋岛国事务特使钱波访问所罗门群岛,2024-06-06
./202406/t20240606_11377617.shtml,中国政府欧亚事务特别代表李辉应约会见乌克兰第一副外长瑟比加,2024-06-06
./202406/t20240605_11377243.shtml,外交部国际司司长申博会见丹麦外交部国务秘书,2024-06-05
./202406/t20240605_11377210.shtml,中国政府非洲事务特别代表刘豫锡访问卢旺达,2024-06-05
./202406/t20240603_11375914.shtml,中国政府非洲事务特别代表刘豫锡访问布隆迪,2024-06-03
./202406/t20240601_11368799.shtml,外交部邀请中外儿童欢度“六一”,2024-06-01
./202405/t20240531_11368517.shtml,中国政府欧洲事务特别代表吴红波出席意大利国庆招待会,2024-05-31
./202405/t20240531_11366651.shtml,中国政府非洲事务特别代表刘豫锡访问刚果（金）,2024-05-31
./202405/t20240530_11366265.shtml,中欧举行军控与防扩散磋商,2024-05-30
./202405/t20240530_11349850.shtml,​外交部礼宾司司长洪磊接受马尔代夫新任驻华大使法泽尔递交国书副本,2024-05-30
./202405/t20240529_11313466.shtml,中国政府欧亚事务特别代表李辉出席阿塞拜疆国庆日招待会,2024-05-29
./202405/t20240528_11313264.shtml,中国政府中东问题特使翟隽会见也门外长赞达尼,2024-05-28
./202405/t20240528_11312825.shtml,中美举行第二轮海洋事务磋商,2024-05-28
./202405/t20240523_11310725.shtml,外交部条法司司长马新民应约会见国际红会东亚地区代表处负责人,2024-05-23
./202405/t20240523_11310527.shtml,中国政府中东问题特使翟隽应约会见意大利驻华大使安博思,2024-05-23
./202405/t20240522_11309827.shtml,外交部礼宾司司长洪磊接受斯里兰卡新任驻华大使马金达递交国书副本,2024-05-22
./202405/t20240522_11309776.shtml,外交部亚洲司司长刘劲松分别会见日本、韩国驻华使馆公使,2024-05-22
./202405/t20240521_11308967.shtml,中国政府非洲事务特别代表刘豫锡出席喀麦隆国庆招待会,2024-05-21
./202405/t20240517_11306527.shtml,外交部国际司司长申博出席“捍卫联合国宪章之友小组”会议并同有关国家举行联合国事务磋商,2024-05-17
./202405/t20240517_11306321.shtml,外交部欧亚司司长刘彬向中外媒体介绍俄罗斯总统普京对华进行国事访问情况,2024-05-17
./202405/t20240517_11306086.shtml,外交部大使吕健向巴林外交大臣转交习近平主席贺信,2024-05-17
./202405/t20240516_11305619.shtml,中国政府中东问题特使翟隽应约同挪威中东和平进程特别代表哈拉德斯塔德通电话,2024-05-16
./202405/t20240516_11305521.shtml,中国和乌兹别克斯坦阿富汗事务特使举行会谈,2024-05-16
./202405/t20240514_11304480.shtml,外交部拉美司司长蔡伟会见土耳其驻华大使穆萨,2024-05-14
./202405/t20240511_11303256.shtml,中国政府朝鲜半岛事务特别代表刘晓明出席第32届东北亚合作对话会,2024-05-11
./202405/t20240510_11302625.shtml,中国政府欧亚事务特别代表李辉就政治解决乌克兰危机开展第三轮穿梭外交,2024-05-10
./202404/t20240430_11291695.shtml,中国政府中东问题特使翟隽集体会见阿拉伯国家驻华使节和阿盟驻华代表处主任,2024-04-30
./202404/t20240430_11291534.shtml,外交部组织驻华使节“步入中车集团”,2024-04-30
./202404/t20240430_11291422.shtml,​外交部条法司司长马新民出席中国国际法学会2024年学术年会并作主旨报告,2024-04-30
./202404/t20240428_11290646.shtml,外交部亚洲司司长刘劲松会见缅甸驻华大使丁貌瑞,2024-04-28
./202404/t20240428_11290313.shtml,中国政府太平洋岛国事务特使钱波会见瓦努阿图领袖党主席纳帕特一行,2024-04-28
./202404/t20240426_11289897.shtml,中国政府中东问题特使翟隽会见伊朗副外长巴盖里,2024-04-26
./202404/t20240426_11289893.shtml,中国政府中东问题特使翟隽会见联合国近东巴勒斯坦难民救济和工程处主任专员拉扎里尼,2024-04-26
./202404/t20240426_11289890.shtml,中国政府中东问题特使翟隽出席金砖国家中东事务副外长/特使磋商,2024-04-26
./202404/t20240426_11289748.shtml,外交部亚洲司司长刘劲松会见新加坡驻华大使陈海泉,2024-04-26
./202404/t20240426_11289486.shtml,中国政府欧洲事务特别代表吴红波出席荷兰“国王日”招待会,2024-04-26
./202404/t20240425_11288819.shtml,中国政府中东问题特使翟隽同俄罗斯副外长博格丹诺夫举行会谈,2024-04-25
./202404/t20240424_11288480.shtml,外交部翻译司负责人出席翻译与国际传播高峰论坛,2024-04-24
./202404/t20240424_11288382.shtml,外交部非洲之角事务特使薛冰出席非洲反恐高级别会议,2024-04-24
./202404/t20240424_11288198.shtml,中国与非盟举行第四次人权磋商,2024-04-24
./202404/t20240423_11286742.shtml,中国与安哥拉举行首次人权磋商,2024-04-23
./202404/t20240423_11286738.shtml,中国与埃塞俄比亚举行首次人权磋商,2024-04-23
./202404/t20240419_11285057.shtml,中国政府中东问题特使翟隽会见美国驻华大使伯恩斯,2024-04-19
./202404/t20240418_11284191.shtml,中国政府中东问题特使翟隽会见法国驻华大使白玉堂,2024-04-18
./202404/t20240418_11283901.shtml,中国政府欧亚事务特别代表李辉会见乌克兰驻华大使里亚比金,2024-04-18
./202404/t20240417_11283465.shtml,外交部条法司司长马新民会见香港律师会访京团,2024-04-17
./202404/t20240417_11283142.shtml,外交部礼宾司司长洪磊接受塞浦路斯新任驻华大使拉尼都递交国书副本,2024-04-17
./202404/t20240417_11282857.shtml,外交部安全司司长白天同俄罗斯外交部新挑战与新威胁局负责人举行反恐安全磋商,2024-04-17
./202404/t20240415_11281811.shtml,中国政府中东问题特使翟隽会见以色列驻华大使潘绮瑞,2024-04-15
./202404/t20240412_11281016.shtml,外交部条法司司长马新民同英国外交部法律顾问举行海洋法和极地事务对话,2024-04-12
./202404/t20240412_11280934.shtml,外交部亚洲司负责人向菲方提出严正交涉,2024-04-12
./202404/t20240412_11280716.shtml,外交部亚洲司负责人向日方提出严正交涉,2024-04-12
./202404/t20240411_11280292.shtml,外交部条法司司长马新民同英国外交部法律顾问举行国际法磋商,2024-04-11
./202404/t20240411_11280269.shtml,外交部组织驻华使节代表团赴四川参访,2024-04-11
./202404/t20240407_11277542.shtml,中国政府太平洋岛国事务特使钱波访问所罗门群岛,2024-04-07
./202404/t20240403_11275953.shtml,外交部礼宾司副司长李津津接受泰国新任驻华大使韩灿才递交国书副本,2024-04-03
./202404/t20240402_11275123.shtml,中国同老挝举行外交部国际司长工作交流,2024-04-02
./202404/t20240402_11274962.shtml,外交部亚洲司司长刘劲松会见日本驻华使馆新任首席公使横地晃,2024-04-02
./202404/t20240402_11274943.shtml,外交部条法司司长马新民与法国总统特使达沃尔举行海洋法和极地事务对话,2024-04-02
./202404/t20240402_11274820.shtml,中法举行首次海洋事务磋商,2024-04-02
./202404/t20240401_11274072.shtml,中国政府太平洋岛国事务特使钱波会见萨摩亚总理兼外长菲娅梅,2024-04-01
./202404/t20240401_11274068.shtml,中国政府中东问题特使翟隽会见欧盟中东和平进程特别代表库普曼斯,2024-04-01
./202403/t20240328_11272708.shtml,外交部国际司司长申博同联合国政策事务副秘书长莱德举行会谈,2024-03-28
./202403/t20240328_11272548.shtml,外交部国际司司长申博接受国际移民组织新任驻华代表李文递交委任书,2024-03-28
./202403/t20240328_11272190.shtml,中印举行边境事务磋商和协调工作机制第29次会议,2024-03-28
./202403/t20240326_11271227.shtml,外交部条法司司长马新民同法国外交部法律司司长举行国际法磋商,2024-03-26
./202403/t20240326_11271206.shtml,条法司司长马新民应约会见瑙鲁基础设施发展、环境治理和农业、体育部部长,2024-03-26
./202403/t20240326_11271167.shtml,外交部亚洲司司长刘劲松会见缅甸驻华大使丁貌瑞,2024-03-26
./202403/t20240322_11266021.shtml,中国政府欧亚事务特别代表李辉就乌克兰危机第二轮穿梭外交举行吹风会,2024-03-22
./202403/t20240321_11264998.shtml,外交部领事司司长吴玺出席伊拉克驻广州总领事馆开馆仪式,2024-03-21
./202403/t20240321_11264404.shtml,中国政府欧亚事务特别代表李辉出席土库曼斯坦纳乌鲁斯节暨“马赫图姆库里智慧宝库年”招待会,2024-03-21
./202403/t20240321_11264269.shtml,外交部亚洲司司长刘劲松同日方举行磋商,2024-03-21
./202403/t20240321_11264180.shtml,中国政府朝鲜半岛事务特别代表刘晓明出席第10届东北亚安全问题“采尔马特圆桌会”并访问俄罗斯、欧盟总部,2024-03-21
./202403/t20240320_11263461.shtml,中国政府欧亚事务特别代表李辉率中方观察员团赴俄罗斯观察俄总统选举,2024-03-20
./202403/t20240320_11263063.shtml,中国与吉尔吉斯斯坦举行第七轮领事磋商,2024-03-20
./202403/t20240320_11263005.shtml,外交部亚洲司司长刘劲松约见菲律宾驻华大使吉米,2024-03-20
./202403/t20240319_11262546.shtml,中法举行军控与防扩散磋商,2024-03-19
./202403/t20240319_11262447.shtml,外交部大使王克俭访问卡塔尔,2024-03-19
./202403/t20240319_11262449.shtml,外交部大使王克俭会见哈马斯政治局主席哈尼亚,2024-03-19
./202403/t20240318_11262096.shtml,中国政府欧洲事务特别代表吴红波出席爱尔兰国庆招待会,2024-03-18
./202403/t20240318_11262029.shtml,中国政府非洲事务特别代表刘豫锡出席安哥拉—中国商务高峰论坛,2024-03-18
./202403/t20240318_11261737.shtml,外交部非洲之角事务特使薛冰集体会见非洲之角国家驻华使节,2024-03-18
./202403/t20240315_11261101.shtml,​外交部大使王克俭访问以色列,2024-03-15
./202403/t20240314_11260767.shtml,外交部礼宾司司长洪磊接受阿根廷新任驻华大使马致远递交国书副本,2024-03-14
./202403/t20240314_11260526.shtml,外交部大使王克俭访问巴勒斯坦,2024-03-14
./202403/t20240314_11260414.shtml,外交部亚洲司司长刘劲松应约会见美国务院前助卿帮办谢淑丽,2024-03-14
./202403/t20240313_11259936.shtml,中国政府欧亚事务特别代表李辉同法国外交部主管官员举行会谈,2024-03-13
./202403/t20240312_11259686.shtml,外交部国际司司长申博同马耳他外交部总司长举行联合国安理会事务磋商,2024-03-12
./202403/t20240312_11258657.shtml,外交部大使王克俭会见阿盟助理秘书长哈立德,2024-03-12
./202403/t20240312_11258278.shtml,外交部大使王克俭访问埃及,2024-03-12
./202403/t20240311_11257543.shtml,外交部亚洲司司长刘劲松会见日本青年学者访华团,2024-03-11
./202403/t20240310_11256942.shtml,中国政府欧亚事务特别代表李辉同德国外交部国务秘书举行会谈,2024-03-10
./202403/t20240308_11256300.shtml,中国政府拉美事务特别代表邱小琪访问古巴,2024-03-08
./202403/t20240308_11255995.shtml,中国政府欧亚事务特别代表李辉访问乌克兰,2024-03-08
./202403/t20240308_11255979.shtml,中国政府欧亚事务特别代表李辉同波兰外交部国务秘书举行会谈,2024-03-08
./202403/t20240306_11254485.shtml,中国政府拉美事务特别代表邱小琪访问巴拿马,2024-03-06
./202403/t20240306_11254325.shtml,中国政府欧亚事务特别代表李辉同瑞士外交部国际安全司司长吕兴格举行会谈,2024-03-06
./202403/t20240306_11254274.shtml,中国政府欧亚事务特别代表李辉同欧洲理事会主席首席外事顾问莫杜举行会谈,2024-03-06
./202403/t20240305_11254060.shtml,中沙举行第七轮领事磋商,2024-03-05
./202403/t20240305_11253994.shtml,中国政府欧亚事务特别代表李辉同欧盟对外行动署官员举行会谈,2024-03-05
./202403/t20240303_11253091.shtml,中国政府欧亚事务特别代表李辉同俄罗斯副外长加卢津举行会谈,2024-03-03
./202403/t20240303_11253089.shtml,中国政府拉美事务特别代表邱小琪出席拉美和加勒比国家共同体第八届峰会,2024-03-03
./202402/t20240229_11251736.shtml,中国和瑞士举行军控与防扩散磋商,2024-02-29
./202402/t20240228_11251127.shtml,外交部礼宾司司长洪磊分别接受格鲁吉亚、西班牙新任驻华大使递交国书副本,2024-02-28
./202402/t20240227_11250929.shtml,第十三次涉香港领事工作年度交流在成都举行,2024-02-27
./202402/t20240226_11250310.shtml,外交部阿富汗事务特使岳晓勇访问土库曼斯坦,2024-02-26
./202402/t20240226_11250308.shtml,外交部阿富汗事务特使岳晓勇出席第二次联合国秘书长阿富汗问题特使会议,2024-02-26
./202402/t20240226_11250214.shtml,外交部亚洲司司长刘劲松与瑞典驻华大使欧思诚就亚太事务交换意见,2024-02-26
./202312/t20231204_11194183.shtml,外交部组织阿拉伯国家驻华使节代表团赴海南省交流考察,2023-12-04
./202402/t20240223_11248850.shtml,中国政府朝鲜半岛事务特别代表刘晓明同美国对朝事务高级官员朴正铉视频通话,2024-02-23
./202402/t20240223_11248849.shtml,中国参与国际法院巴勒斯坦被占领土问题咨询意见案口头程序,2024-02-23
./202402/t20240220_11247471.shtml,外交部礼宾司司长洪磊分别接受柬埔寨、北马其顿新任驻华大使递交国书副本,2024-02-20
./202402/t20240208_11243615.shtml,外交部亚洲司司长刘劲松会见尼泊尔驻华大使施雷斯塔,2024-02-08
./202402/t20240208_11243598.shtml,外交部礼宾司司长洪磊接受摩洛哥新任驻华大使安萨里递交国书副本,2024-02-08
./202402/t20240207_11242111.shtml,外交部亚洲司司长刘劲松会见马来西亚驻华大使诺曼,2024-02-07
./202402/t20240206_11241689.shtml,中国政府欧洲事务特别代表吴红波会见欧洲议会前议长、德国艾伯特基金会会长舒尔茨,2024-02-06
./202402/t20240206_11241534.shtml,外交部领事司司长吴玺会见法国外交部海外侨民事务和领事管理司司长卡尔莫纳,2024-02-06
./202402/t20240205_11240744.shtml,外交部阿富汗事务特使岳晓勇访问阿富汗、伊朗和巴基斯坦,2024-02-05
./202402/t20240202_11239076.shtml,中国与瑞士举行联合国安理会事务磋商,2024-02-02
./202402/t20240202_11238710.shtml,外交部亚洲司司长刘劲松赴日本磋商,2024-02-02
./202402/t20240202_11238814.shtml,中德举行第五轮领事磋商,2024-02-02
./202402/t20240202_11238786.shtml,中国政府朝鲜半岛事务特别代表刘晓明会见瑞典政府朝鲜半岛事务特使塞姆内比,2024-02-01
./202402/t20240201_11238149.shtml,外交部边界与海洋事务司司长洪亮会见哈萨克斯坦外交部无任所大使阿曼若诺娃,2024-02-01
./202401/t20240131_11237197.shtml,外交部国际司司长申博接受世界卫生组织新任驻华代表马丁·泰勒递交委任书,2024-01-31
./202401/t20240129_11235498.shtml,外交部亚洲司司长刘劲松会见孟加拉国驻华大使乌丁,2024-01-29
./202401/t20240129_11235432.shtml,外交部礼宾司司长洪磊接受亚美尼亚新任驻华大使格沃尔克扬递交国书副本,2024-01-29
./202401/t20240129_11235247.shtml,外交部赴黑龙江举办2024年首场“驻华使节地方行”考察冰雪资源和冰雪产业,2024-01-29
./202401/t20240127_11234509.shtml,中国政府代表团团长陈旭大使在联合国人权理事会国别人权审议工作组通过中国参加第四轮国别人权审议报告时的发言,2024-01-27
./202401/t20240125_11233246.shtml,外交部边界与海洋事务司司长洪亮会见蒙古国外交部国际条法局局长苏赫包勒德,2024-01-25
./202401/t20240124_11232438.shtml,中国政府代表团团长陈旭大使在中国参加联合国人权理事会第四轮国别人权审议会议上的总结发言,2024-01-24
./202401/t20240124_11232434.shtml,中国政府代表团团长陈旭大使在中国参加联合国人权理事会第四轮国别人权审议时的介绍性发言,2024-01-24
./202401/t20240122_11230583.shtml,外交部领事司司长吴玺会见泰国外交部领事司司长路德,2024-01-22
./202401/t20240118_11228811.shtml,外交部亚洲司司长刘劲松会见缅甸驻华大使丁貌瑞,2024-01-18
./202401/t20240118_11228741.shtml,外交部礼宾司副司长李响分别接受捷克、澳大利亚新任驻华大使递交国书副本,2024-01-18
./202401/t20240105_11219116.shtml,外交部条法司司长马新民同白俄罗斯外交部条法司司长举行国际法磋商,2024-01-05
./202401/t20240104_11216806.shtml,外交部礼宾司司长洪磊分别接受斐济、布基纳法索新任驻华大使递交国书副本,2024-01-04
./202312/t20231227_11213802.shtml,外交部礼宾司副司长李响接受所罗门群岛新任驻华大使萨拉托递交国书副本,2023-12-27
./202312/t20231222_11209881.shtml,外交部礼宾司司长洪磊分别接受日本、保加利亚新任驻华大使递交国书副本,2023-12-22
./202312/t20231222_11209820.shtml,外交部亚洲司司长刘劲松会见阿富汗新任驻华大使卡里米,2023-12-22
./202312/t20231221_11209247.shtml,外交部阿富汗事务特使岳晓勇访问阿联酋、塔吉克斯坦、阿富汗,2023-12-21
./202312/t20231220_11207575.shtml,外交部亚洲司司长刘劲松同韩方磋商,2023-12-20
./202312/t20231219_11207085.shtml,肯尼亚内阁首席部长兼外长穆达瓦迪会见外交部非洲之角事务特使薛冰,2023-12-19
./202312/t20231218_11206192.shtml,厄立特里亚总统伊萨亚斯会见外交部非洲之角事务特使薛冰,2023-12-18
./202312/t20231218_11205835.shtml,外交部国际司司长申博出席联合国“人权75”高级别论坛和全球难民论坛,2023-12-17
./202312/t20231215_11203031.shtml,外交部亚洲司司长刘劲松会见巴基斯坦新任驻华大使哈什米,2023-12-15
./202312/t20231214_11202557.shtml,外交部礼宾司司长洪磊接受玻利维亚新任驻华大使西莱斯递交国书副本,2023-12-14
./202312/t20231214_11202488.shtml,外交部国际司司长申博会见联合国人权高专图尔克,2023-12-14
./202312/t20231214_11202315.shtml,外交部非洲之角事务特使薛冰访问埃塞俄比亚阿法尔州,2023-12-14
./202312/t20231214_11202314.shtml,外交部非洲之角事务特使薛冰访问埃塞俄比亚提格雷州,2023-12-14
./202312/t20231213_11201335.shtml,中国—中东欧国家合作秘书处举办中东欧国家驻华使馆通报会,2023-12-13
./202312/t20231213_11201323.shtml,中俄举行人权事务磋商,2023-12-13
./202312/t20231212_11200913.shtml,埃塞俄比亚副总理兼外长德梅克会见外交部非洲之角事务特使薛冰,2023-12-12
./202312/t20231212_11200718.shtml,中国代表团出席《联合国反腐败公约》缔约国会议,2023-12-12
./202312/t20231212_11200715.shtml,中国代表团团长谢锋在《联合国反腐败公约》第十届缔约国会议上的一般性发言,2023-12-12
./202312/t20231208_11197088.shtml,外交部条法司司长马新民在澳门特区举行涉澳外交条法工作年度磋商,2023-12-08
./202312/t20231208_11197022.shtml,外交部欧洲司负责人就第二十四次中国—欧盟领导人会晤接受媒体采访,2023-12-08
./202312/t20231205_11195124.shtml,外交部礼宾司司长洪磊接受老挝新任驻华大使宋蓬递交国书副本,2023-12-05
./202312/t20231204_11194255.shtml,外交部外管司司长陈立出席“中国JET国际交流员项目实施30周年纪念研讨会”并致辞,2023-12-04
./202312/t20231204_11193971.shtml,外交部亚洲司司长出席泰国国庆招待会,2023-12-04
./202312/t20231201_11193129.shtml,中国政府欧洲事务特别代表吴红波访问波兰,2023-12-01
./202312/t20231201_11193026.shtml,外交部组织驻华使节深圳行,2023-12-01
./202312/t20231201_11193024.shtml,外交部礼宾司司长洪磊接受白俄罗斯新任驻华大使切尔维亚科夫递交国书副本,2023-12-01
./202312/t20231201_11190746.shtml,中印举行边境事务磋商和协调工作机制第28次会议,2023-12-01
./202311/t20231129_11189436.shtml,中国政府非洲事务特别代表刘豫锡出席第九届达喀尔非洲和平与安全国际论坛,2023-11-29
./202311/t20231129_11189130.shtml,中国政府欧洲事务特别代表吴红波访问奥地利,2023-11-29
./202311/t20231128_11188536.shtml,中法举行第六轮领事磋商,2023-11-28
./202311/t20231127_11187668.shtml,中国政府欧洲事务特别代表吴红波会见匈牙利政府高官,2023-11-27
./202311/t20231124_11186478.shtml,外交部中国—中东欧国家合作事务特别代表姜瑜访问罗马尼亚、塞尔维亚、北马其顿,2023-11-24
./202311/t20231124_11186269.shtml,中国政府欧洲事务特别代表吴红波访问匈牙利并出席布达佩斯欧亚论坛,2023-11-24
./202311/t20231123_11185945.shtml,外交部礼宾司司长洪磊分别接受塞拉利昂、东帝汶新任驻华大使递交国书副本,2023-11-23
./202311/t20231123_11185895.shtml,外交部外管司司长陈立出席第20届K2H国际交流公务员研讨会并致辞,2023-11-23
./202311/t20231121_11184774.shtml,外交部亚洲司司长刘劲松会见缅甸驻华大使丁貌瑞,2023-11-21
./202311/t20231121_11184532.shtml,外交部阿富汗事务特使岳晓勇会见巴基斯坦新任驻华大使哈什米,2023-11-21
./202311/t20231120_11183213.shtml,中国政府中东问题特使翟隽会见巴林外交次大臣阿卜杜拉,2023-11-20
./202311/t20231119_11183097.shtml,中国政府中东问题特使翟隽出席第19届麦纳麦对话会,2023-11-19
./202311/t20231117_11182052.shtml,中国政府朝鲜半岛事务特别代表刘晓明会见瑞士日内瓦安全政策研究中心主任格雷明格,2023-11-17
./202311/t20231116_11181740.shtml,外交部非洲司司长吴鹏出席第二届中非农业合作论坛开幕式,2023-11-16
./202311/t20231116_11181158.shtml,中国政府中东问题特使翟隽出席第15届地中海南方论坛开幕式,2023-11-16
./202311/t20231114_11179812.shtml,外交部阿富汗事务特使岳晓勇出席中国—阿富汗—巴基斯坦三国青年外交官交流研修班开班式,2023-11-14
./202311/t20231114_11179666.shtml,第六届“中国—北欧杯”足球邀请赛成功举办,2023-11-14
./202311/t20231114_11179605.shtml,中国政府中东问题特使翟隽访问土耳其,2023-11-14
./202311/t20231113_11179305.shtml,外交部礼宾司司长洪磊接受巴基斯坦新任驻华大使哈什米递交国书副本,2023-11-13
./202311/t20231113_11178993.shtml,中国政府太平洋岛国事务特使钱波出席太平洋岛国论坛对话会,2023-11-13
./202311/t20231110_11177122.shtml,中国政府中东问题特使翟隽出席支援加沙平民国际人道主义会议,2023-11-10
./202311/t20231110_11177106.shtml,外交部亚洲司司长刘劲松会见新加坡驻华大使陈海泉,2023-11-10
./202311/t20231109_11176855.shtml,外交部礼宾司司长洪磊分别接受罗马尼亚、马来西亚新任驻华大使递交国书副本,2023-11-09
./202311/t20231109_11176761.shtml,中国政府太平洋岛国事务特使钱波会见库克群岛总理布朗,2023-11-09
./202311/t20231108_11176116.shtml,外交部亚洲司司长刘劲松会见土耳其驻华大使穆萨,2023-11-08
./202311/t20231108_11176054.shtml,中美举行军控与防扩散磋商,2023-11-08
./202311/t20231107_11175370.shtml,中国政府中东问题特使翟隽会见欧盟驻华代表团临时代办雷默斯,2023-11-07
./202311/t20231107_11175357.shtml,中国政府中东问题特使翟隽会见美国驻华大使伯恩斯,2023-11-07
./202311/t20231107_11175356.shtml,中国布隆迪外交部举行第七轮政治磋商,2023-11-07
./202311/t20231106_11174445.shtml,中国政府欧洲事务特别代表吴红波出席马耳他驻华使馆新馆舍启用仪式,2023-11-06
./202311/t20231106_11174333.shtml,中国政府拉美事务特别代表邱小琪出席中拉智库合作对话会并致辞,2023-11-06
./202311/t20231104_11174092.shtml,中美举行外交政策磋商,2023-11-04
./202311/t20231104_11174045.shtml,中美举行海洋事务磋商,2023-11-04
./202311/t20231103_11173762.shtml,外交部亚洲司司长刘劲松会见印度学者访华团,2023-11-03
./202311/t20231103_11173761.shtml,外交部亚洲司司长刘劲松会见巴基斯坦驻华大使哈克,2023-11-03
./202311/t20231102_11172393.shtml,外交部礼宾司司长洪磊接受阿尔及利亚新任驻华大使拉赫桑递交国书副本,2023-11-02
./202311/t20231102_11172324.shtml,中奥举行外交政策磋商,2023-11-02
./202310/t20231031_11171201.shtml,外交部亚洲司司长分别与英国、法国外交官谈亚洲事务,2023-10-31
./202310/t20231030_11170754.shtml,中国政府朝鲜半岛事务特别代表刘晓明同美国对朝政策特别代表金圣视频通话,2023-10-30
./202310/t20231030_11170699.shtml,外交部军控司司长孙晓波与《全面禁核试条约》组织执行秘书弗洛伊德会谈,2023-10-30
./202310/t20231030_11170690.shtml,中国政府中东问题特使翟隽访问约旦,2023-10-30
./202310/t20231030_11170639.shtml,外交部条法司在第78届联大国际法周举办气候变化主题边会,2023-10-30
./202310/t20231030_11170344.shtml,中国政府中东问题特使翟隽会见联合国近东救济工程处主任专员拉扎里尼,2023-10-30
./202310/t20231027_11169437.shtml,中国政府中东问题特使翟隽访问沙特,2023-10-27
./202310/t20231026_11169020.shtml,落实《南海各方行为宣言》第21次高官会在北京举行,2023-10-26
./202310/t20231025_11168352.shtml,外交部礼宾司司长洪磊分别接受哥斯达黎加、牙买加新任驻华大使递交国书副本,2023-10-25
./202310/t20231025_11168153.shtml,第十届中阿关系暨中阿文明对话研讨会在阿联酋举行,2023-10-25
./202310/t20231025_11168158.shtml,中国政府中东问题特使翟隽访问阿联酋,2023-10-25
./202310/t20231025_11167728.shtml,外交部亚洲司司长刘劲松会见不丹外秘白玛·曲登,2023-10-25
./202310/t20231024_11167151.shtml,中智举行第二轮领事磋商,2023-10-24
./202310/t20231024_11167060.shtml,外交部非洲司司长吴鹏出席《2023中国企业投资非洲报告》发布会,2023-10-24
./202310/t20231024_11167009.shtml,外交部阿富汗事务特使岳晓勇会见土耳其驻华大使穆萨,2023-10-24
./202310/t20231023_11166273.shtml,中国政府中东问题特使翟隽访问埃及,2023-10-23
./202310/t20231023_11165778.shtml,外交部阿富汗事务特使岳晓勇与阿富汗临时政府代理商工部长会见,2023-10-23
./202310/t20231023_11165777.shtml,外交部阿富汗事务特使岳晓勇会见巴基斯坦外秘卡兹,2023-10-23
./202310/t20231022_11165699.shtml,中国政府中东问题特使翟隽会见阿盟秘书长盖特,2023-10-22
./202310/t20231022_11165638.shtml,中国政府中东问题特使翟隽出席巴勒斯坦问题开罗和平峰会,2023-10-22
./202310/t20231020_11165172.shtml,中方将派团出席在埃及开罗举行的巴勒斯坦问题峰会,2023-10-20
./202310/t20231020_11164661.shtml,中国政府拉美事务特别代表邱小琪会见智利前总统弗雷,2023-10-20
./202310/t20231020_11164503.shtml,中国政府中东问题特使翟隽会见俄罗斯总统中东和非洲国家事务特别代表、外交部副部长博格丹诺夫,2023-10-20
./202310/t20231020_11164499.shtml,中国政府中东问题特使翟隽访问卡塔尔,2023-10-20
./202310/t20231019_11163764.shtml,外交部条法司司长马新民在第三届“一带一路”国际合作高峰论坛廉洁丝绸之路专题论坛第一议题“成效与贡献”的发言,2023-10-19
./202310/t20231018_11163320.shtml,中国政府拉美事务特别代表邱小琪会见乌拉圭总统府秘书长德尔加多,2023-10-18
./202310/t20231018_11163281.shtml,中蒙举行第二十三轮领事磋商,2023-10-18
./202310/t20231018_11163222.shtml,中国政府太平洋岛国事务特使钱波会见斐济副总理兼旅游和民航部长加沃卡,2023-10-18
./202310/t20231018_11162818.shtml,中国政府非洲事务特别代表刘豫锡出席肯尼亚—中国投资交流会,2023-10-18
./202310/t20231017_11162398.shtml,中国政府中东问题特使翟隽会见以色列驻华大使潘绮瑞,2023-10-17
./202310/t20231016_11161664.shtml,中国政府中东问题特使翟隽会见法国驻华大使白玉堂,2023-10-16
./202310/t20231016_11161450.shtml,中国政府非洲事务特别代表刘豫锡访问毛里求斯,2023-10-16
./202310/t20231015_11161134.shtml,中国政府中东问题特使翟隽就巴以局势同挪威中东和平进程特使哈拉德斯塔德通电话,2023-10-15
./202310/t20231014_11161013.shtml,​中国政府中东问题特使翟隽就巴以局势同欧盟中东和平进程特别代表库普曼斯通电话,2023-10-14
./202310/t20231014_11161011.shtml,中国政府中东问题特使翟隽就巴以局势同联合国中东和平进程特别协调员温尼斯兰德通电话,2023-10-14
./202310/t20231014_11161009.shtml,中国政府中东问题特使翟隽就巴以局势同阿联酋国务部长哈利法通电话,2023-10-14
./202310/t20231014_11160818.shtml,中国政府中东问题特使翟隽应约集体会见阿拉伯国家驻华使节和阿盟驻华代表处负责人,2023-10-14
./202310/t20231013_11160664.shtml,中日举行海洋事务高级别磋商机制第十六轮磋商,2023-10-13
./202310/t20231013_11160427.shtml,中国政府中东问题特使翟隽就巴以局势同沙特外交部次大臣通电话,2023-10-13
./202310/t20231012_11160079.shtml,中国政府中东问题特使翟隽就以巴局势同以色列外交部副总司长哈帕兹通电话,2023-10-12
./202310/t20231012_11160038.shtml,外交部礼宾司司长洪磊分别接受坦桑尼亚、肯尼亚新任驻华大使递交国书副本,2023-10-12
./202310/t20231012_11160033.shtml,中国政府非洲事务特别代表刘豫锡出席环印度洋联盟第二十三届部长理事会会议,2023-10-12
./202310/t20231012_11160024.shtml,外交部非洲之角事务特使薛冰会见联合国人道主义事务协调司司长拉贾辛加姆,2023-10-12
./202310/t20231012_11160022.shtml,中国政府欧洲事务特别代表吴红波出席西班牙国庆招待会,2023-10-12
./202310/t20231012_11159987.shtml,外交部阿富汗事务特使岳晓勇会见联合国秘书长阿富汗问题独立评估特别协调员,2023-10-12
./202310/t20231011_11159493.shtml,中国政府中东问题特使翟隽就巴以局势同巴勒斯坦外交部第一副部长贾多通电话,2023-10-11
./202310/t20231010_11158898.shtml,中国政府中东问题特使翟隽就巴以局势同埃及外交部巴勒斯坦事务部长助理乌萨玛通电话,2023-10-10
./202310/t20231010_11158838.shtml,外交部礼宾司司长洪磊接受阿塞拜疆新任驻华大使胡赛诺夫递交国书副本,2023-10-10
./202310/t20231007_11157175.shtml,中国、阿富汗、巴基斯坦举行三方会议,2023-10-07
./202310/t20231007_11157173.shtml,外交部阿富汗事务特使岳晓勇出席第五次阿富汗问题“莫斯科模式”会议,2023-10-07
./202310/t20231007_11157142.shtml,中国代表团团长、外交部军控司司长孙晓波在第78届联大一委一般性辩论上的发言,2023-10-07
./202310/t20231007_11156372.shtml,外交部礼宾司司长洪磊接受洪都拉斯首任驻华大使蒙卡达递交国书副本,2023-10-07
./202309/t20230928_11152970.shtml,中国政府拉美事务特别代表邱小琪出席古巴驻华使馆庆祝中古建交63周年招待会,2023-09-28
./202309/t20230927_11151139.shtml,第四届中国—阿拉伯国家改革发展论坛成功举办,2023-09-27
./202309/t20230926_11150440.shtml,外交部组织驻华使节代表团赴安徽参访,2023-09-26
./202309/t20230925_11149043.shtml,中国政府拉美事务特别代表邱小琪出席乌拉圭驻华使馆举办的活动,2023-09-25
./202309/t20230922_11148254.shtml,中国政府拉美事务特别代表邱小琪分别出席巴西、墨西哥独立招待会,2023-09-22
./202309/t20230921_11147578.shtml,中国政府拉美事务特别代表邱小琪出席智利独立213周年招待会,2023-09-21
./202309/t20230921_11147559.shtml,中国同非洲之角国家农业合作交流会在陕西杨凌召开,2023-09-21
./202309/t20230921_11146689.shtml,外交部礼宾司司长洪磊接受厄瓜多尔新任驻华大使科尔多瓦递交国书副本,2023-09-21
./202307/t20230723_11116742.shtml,中日外交部亚洲司长机制性磋商在东京举行,2023-07-23
./202309/t20230920_11145843.shtml,非洲之角国家驻华使节出席第三十届中国杨凌农业高新科技成果博览会和2023年全球土壤健康论坛高峰对话,2023-09-20
./202309/t20230920_11145797.shtml,外交部礼宾司司长洪磊接受卢森堡新任驻华大使卢睿朗递交国书副本,2023-09-20
./202309/t20230920_11145601.shtml,中英举行军控与防扩散磋商,2023-09-20
./202309/t20230919_11145012.shtml,中国首次参与国际海洋法法庭口头程序,2023-09-19
./202309/t20230915_11143298.shtml,中伊（朗）举行第八轮领事磋商,2023-09-15
./202309/t20230915_11143293.shtml,外交部亚洲司司长会见巴基斯坦友人,2023-09-15
./202309/t20230914_11143004.shtml,中国政府中东问题特使翟隽会见也门驻华大使梅塔米,2023-09-14
./202309/t20230914_11142809.shtml,外交部非洲司司长吴鹏出席非洲青少年“我的梦想”主题绘画作品大赛颁奖仪式,2023-09-14
./202309/t20230913_11142309.shtml,外交部亚洲司司长刘劲松会见尼泊尔驻华大使施雷斯塔,2023-09-13
./202309/t20230912_11141697.shtml,外交部礼宾司司长洪磊分别接受科威特、赤道几内亚新任驻华大使递交国书副本,2023-09-12
./202309/t20230912_11141463.shtml,外交部阿富汗事务特使岳晓勇访问巴基斯坦、卡塔尔、沙特,2023-09-12
./202309/t20230911_11141144.shtml,外交部礼宾司司长洪磊接受荷兰新任驻华大使昊使博递交国书副本,2023-09-11
./202309/t20230911_11140914.shtml,外交部赴浙江、江苏举办“驻华使节地方行”活动考察数字经济和新能源产业集群,2023-09-11
./202309/t20230908_11140289.shtml,外交部组织驻华使节代表团赴山西参访,2023-09-08
./202309/t20230907_11139761.shtml,外交部条法司司长马新民同俄罗斯外交部条法司司长举行国际法磋商,2023-09-07
./202309/t20230906_11139201.shtml,外交部礼宾司司长洪磊接受波兰新任驻华大使古天卫递交国书副本,2023-09-06
./202309/t20230904_11137709.shtml,外交部国际司司长申博会见意大利外交部政治及安全事务总司长费拉拉,2023-09-04
./202309/t20230904_11137518.shtml,中国政府欧洲事务特别代表吴红波访问保加利亚,2023-09-04
./202309/t20230901_11137019.shtml,外交部领事司司长吴玺会见约旦驻华大使侯赛尼,2023-09-01
./202309/t20230901_11137011.shtml,外交部领事司司长吴玺会见伊朗驻华大使巴赫蒂亚尔,2023-09-01
./202308/t20230831_11136261.shtml,中国政府欧洲事务特别代表吴红波访问斯洛文尼亚,2023-08-31
./202308/t20230830_11135620.shtml,​中国和巴基斯坦举行军控与防扩散磋商,2023-08-30
./202308/t20230830_11135425.shtml,中国政府非洲事务特别代表刘豫锡出席中国—非洲合作发展研讨会,2023-08-30
./202308/t20230829_11134995.shtml,中缅举行《边境管理与合作协定》执行情况第17轮司局级会晤,2023-08-29
./202308/t20230828_11133955.shtml,外交部礼宾司司长洪磊接受波斯尼亚和黑塞哥维那新任驻华大使贝尔扬递交国书副本,2023-08-28
./202308/t20230828_11133788.shtml,中国政府欧洲事务特别代表吴红波访问捷克,2023-08-28
./202308/t20230825_11132869.shtml,中国与越南举行人权磋商,2023-08-25
./202308/t20230825_11132513.shtml,中国代表团新闻中心邀请外交部金砖国家事务特使、国际经济司司长李克新举行媒体吹风会,2023-08-25
./202308/t20230824_11132294.shtml,中国与印尼、东盟举行人权交流,2023-08-24
./202308/t20230824_11131959.shtml,中国不丹边界问题专家组第十三次会议联合新闻稿,2023-08-24
./202308/t20230823_11130519.shtml,外交部非洲司司长吴鹏向中外媒体介绍习近平主席对南非国事访问情况,2023-08-23
./202308/t20230821_11129732.shtml,中澳举行第十七轮领事磋商,2023-08-21
./202308/t20230821_11129576.shtml,中国政府欧洲事务特别代表吴红波会见塞尔维亚、波黑、吉尔吉斯斯坦客人,2023-08-21
./202308/t20230818_11128987.shtml,中国与马来西亚举行人权磋商,2023-08-18
./202308/t20230818_11128800.shtml,外交部礼宾司司长洪磊接受瑞典新任驻华大使欧思诚递交国书副本,2023-08-18
./202308/t20230816_11127380.shtml,外交部军控司司长孙晓波与联合国副秘书长、裁军事务高级代表中满泉举行磋商,2023-08-16
./202308/t20230815_11127150.shtml,外交部礼宾司司长洪磊接受赞比亚新任驻华大使齐乌卢递交国书副本,2023-08-15
./202308/t20230809_11124545.shtml,外交部亚洲司司长刘劲松同巴方举行第三次中巴南亚事务磋商,2023-08-09
./202308/t20230808_11123803.shtml,外交部礼宾司司长洪磊接受比利时新任驻华大使递交国书副本,2023-08-08
./202308/t20230807_11123249.shtml,外交部礼宾司司长洪磊接受古巴新任驻华大使白诗德递交国书副本,2023-08-07
./202308/t20230803_11122044.shtml,外交部国际司司长申博会见斯洛文尼亚驻华大使苏岚,2023-08-03
./202308/t20230803_11122006.shtml,中国政府中东问题特使翟隽会见意大利驻华大使安博思,2023-08-03
./202308/t20230802_11121187.shtml,中美外交官员在华盛顿举行工作磋商,2023-08-02
./202308/t20230801_11120907.shtml,外交部军控司司长孙晓波在《不扩散核武器条约》第十一次审议大会第一次筹备会一般性辩论中的发言,2023-08-01
./202308/t20230801_11120835.shtml,中国政府中东问题特使翟隽会见挪威驻华大使白思娜,2023-08-01
./202308/t20230801_11120753.shtml,外交部军控司司长孙晓波阐述中方核领域治理主张,2023-08-01
./202307/t20230731_11120060.shtml,外交部亚洲司司长刘劲松会见日本驻华使馆首席公使小泉勉,2023-07-31
./202307/t20230731_11120011.shtml,中国政府拉美事务特别代表邱小琪出席秘鲁独立202周年招待会,2023-07-31
./202307/t20230728_11119346.shtml,中国政府拉美事务特别代表邱小琪会见智利执政联盟干部考察团,2023-07-28
./202307/t20230728_11119075.shtml,中国政府拉美事务特别代表邱小琪出席哥伦比亚国庆招待会,2023-07-28
./202307/t20230726_11118194.shtml,第十三次涉澳门领事工作年度交流在武汉举行,2023-07-26
./202307/t20230726_11118045.shtml,外交部礼宾司司长洪磊接受突尼斯新任驻华大使阿拉比递交国书副本,2023-07-26
./202307/t20230725_11117676.shtml,外交部组织驻华使节“步入中国中铁”,2023-07-25
./202307/t20230721_11116477.shtml,中国政府欧洲事务特别代表吴红波出席比利时国庆招待会,2023-07-21
./202307/t20230718_11114530.shtml,中国政府太平洋岛国事务特使钱波访问库克群岛,2023-07-18
./202307/t20230717_11114378.shtml,外交部军控司司长孙晓波会见伊朗驻华大使巴赫蒂亚尔,2023-07-17
./202307/t20230717_11114014.shtml,中国政府太平洋岛国事务特使钱波访问基里巴斯,2023-07-17
./202307/t20230712_11111915.shtml,中国政府中东问题特使翟隽访问突尼斯,2023-07-12
./202307/t20230710_11110676.shtml,中国政府非洲事务特别代表刘豫锡访问莱索托,2023-07-10
./202307/t20230710_11110671.shtml,中国与卡塔尔举行人权磋商,2023-07-10
./202307/t20230707_11109957.shtml,外交部军控司司长孙晓波同欧盟对外行动署副秘书长莫拉通电话,2023-07-07
./202307/t20230707_11109882.shtml,中国政府中东问题特使翟隽访问约旦,2023-07-07
./202307/t20230707_11109881.shtml,中国政府中东问题特使翟隽会见联合国秘书长也门问题特使格伦德伯格,2023-07-07
./202307/t20230707_11109834.shtml,中国与埃及、阿盟举行人权磋商交流,2023-07-07
./202307/t20230707_11109625.shtml,中国政府欧洲事务特别代表吴红波访问波黑,2023-07-07
./202307/t20230707_11109624.shtml,中国政府欧洲事务特别代表吴红波访问北马其顿,2023-07-07
./202307/t20230706_11109311.shtml,中国政府中东问题特使翟隽访问卡塔尔,2023-07-06
./202307/t20230706_11109073.shtml,中国与瑞士举行第12次人权对话,2023-07-06
./202307/t20230705_11108768.shtml,外交部亚洲司司长刘劲松会见日中友好会馆负责人,2023-07-05
./202307/t20230705_11108804.shtml,中国政府非洲事务特别代表刘豫锡访问乌干达,2023-07-05
./202307/t20230705_11108483.shtml,外交部礼宾司司长洪磊接受格林纳达新任驻华大使马岩递交国书副本,2023-07-05
./202307/t20230704_11107531.shtml,中国政府欧洲事务特别代表吴红波访问英国,2023-07-04
./202307/t20230704_11107529.shtml,中国政府欧洲事务特别代表吴红波应邀出席英国皇家国际问题研究所“2023伦敦会议”,2023-07-04
./202307/t20230704_11107504.shtml,外交部非洲之角事务特使薛冰同非洲之角国家代表举行座谈,2023-07-04
./202307/t20230704_11107278.shtml,中国政府欧亚事务特别代表李辉出席白俄罗斯独立日招待会,2023-07-04
./202307/t20230703_11106969.shtml,中德举行军控与防扩散磋商,2023-07-03
./202307/t20230703_11106942.shtml,外交部中国—中东欧国家合作事务特别代表姜瑜访问希腊、波兰、匈牙利,2023-07-03
./202307/t20230701_11106561.shtml,布基纳法索总统特拉奥雷会见中国政府非洲事务特别代表刘豫锡,2023-07-01
./202306/t20230630_11106361.shtml,中国与墨西哥举行首次人权对话,2023-06-30
./202306/t20230630_11105935.shtml,中国政府中东问题特使翟隽同联合国中东和平进程特别协调员温尼斯兰德通电话,2023-06-30
./202306/t20230628_11104907.shtml,中国政府拉美事务特别代表邱小琪访问哥伦比亚,2023-06-28
./202306/t20230626_11104141.shtml,中国政府朝鲜半岛事务特别代表刘晓明同俄罗斯副外长鲁登科举行磋商,2023-06-26
./202306/t20230625_11103070.shtml,中国政府拉美事务特别代表邱小琪访问智利,2023-06-25
./202306/t20230623_11102629.shtml,中国政府拉美事务特别代表邱小琪访问乌拉圭,2023-06-23
./202306/t20230621_11102191.shtml,外交部领事司司长吴玺出席“临甲7号沙龙——中国领事工作”专题吹风会,2023-06-21
./202306/t20230621_11101893.shtml,外交部礼宾司司长洪磊接受伊朗新任驻华大使巴赫蒂亚尔递交国书副本,2023-06-21
./202306/t20230621_11101851.shtml,外交部美大司司长杨涛向中外媒体介绍美国国务卿布林肯访华情况,2023-06-21
./202306/t20230621_11101653.shtml,外交部美大司司长杨涛指出美方将和平解决台湾问题作为“一中政策”核心内容是篡改其政治承诺,2023-06-21
./202306/t20230620_11101428.shtml,外交部美大司司长杨涛介绍中美五项共识,2023-06-20
./202306/t20230620_11100663.shtml,外交部礼宾司司长洪磊接受乌克兰新任驻华大使里亚比金递交国书副本,2023-06-20
./202306/t20230620_11100643.shtml,中国政府中东问题特使翟隽会见叙利亚驻华大使哈桑内,2023-06-20
./202306/t20230619_11099524.shtml,外交部非洲之角事务特使薛冰会见沙特阿拉伯助理国务大臣萨利赫,2023-06-19
./202306/t20230616_11099083.shtml,建议中韩青少年多读书、多交流、多从事助力中韩友好的事,2023-06-16
./202306/t20230615_11098349.shtml,外交部涉外安全事务司司长白天出席金砖国家反恐工作组第八次会议,2023-06-15
./202306/t20230613_11095815.shtml,外交部非洲之角事务特使薛冰出席伊加特第14届国家元首和政府首脑会议开幕式,2023-06-13
./202306/t20230613_11095804.shtml,外交部领事司司长吴玺出席土耳其驻成都总领事馆开馆仪式,2023-06-13
./202306/t20230612_11095389.shtml,外交部亚洲司司长刘劲松同日方举行工作磋商,2023-06-12
./202306/t20230612_11095132.shtml,外交部亚洲司司长刘劲松会见印尼外交部东亚司司长孙浩,2023-06-12
./202306/t20230610_11094709.shtml,中国政府欧亚事务特别代表李辉出席格鲁吉亚独立日招待会,2023-06-10
./202306/t20230609_11094381.shtml,中国政府中东问题特使翟隽会见土耳其驻华大使穆萨,2023-06-09
./202306/t20230609_11093576.shtml,外交部阿富汗事务特使岳晓勇会见伊朗外交部高官,2023-06-09
./202306/t20230608_11093191.shtml,外交部领事司司长吴玺会见土耳其驻华大使穆萨,2023-06-08
./202306/t20230607_11091261.shtml,首次中国—巴基斯坦—伊朗三方反恐安全磋商在北京举行,2023-06-07
./202306/t20230605_11089973.shtml,外交部亚洲司司长刘劲松会见马来西亚驻华大使努西尔万,2023-06-05
./202306/t20230605_11089882.shtml,阿拉伯国家联盟代表团访问新疆维吾尔自治区,2023-06-05
./202306/t20230602_11088644.shtml,中国政府欧亚事务特别代表李辉举行吹风会,2023-06-02
./202306/t20230601_11088157.shtml,外交部条法司与香港特区政府律政司举行涉港条法工作磋商,2023-06-01
./202306/t20230601_11087050.shtml,中印举行边境事务磋商和协调工作机制第27次会议,2023-06-01
./202305/t20230531_11086662.shtml,外交部亚洲司司长刘劲松会见印度媒体记者,2023-05-31
./202305/t20230530_11085889.shtml,外交部领事司司长吴玺与外国驻沪领团代表座谈,2023-05-30
./202305/t20230529_11085441.shtml,外交部领事司司长吴玺出席多米尼加驻上海总领馆开馆仪式,2023-05-29
./202305/t20230529_11085421.shtml,​中国与吉尔吉斯斯坦举行人权事务磋商,2023-05-29
./202305/t20230529_11085406.shtml,外交部礼宾司司长洪磊分别接受阿联酋、尼加拉瓜新任驻华大使递交国书副本,2023-05-29
./202305/t20230527_11084761.shtml,中国政府欧亚事务特别代表李辉同俄罗斯外长拉夫罗夫等举行会见会谈,2023-05-27
./202305/t20230526_11084464.shtml,中国政府欧亚事务特别代表李辉同欧盟官员举行会谈,2023-05-26
./202305/t20230526_11084444.shtml,外交部国际司司长申博会见联合国秘书长也门问题特使格伦德伯格,2023-05-26
./202305/t20230526_11083983.shtml,中国与不丹边界问题专家组第十二次会议联合新闻稿,2023-05-26
./202305/t20230525_11083655.shtml,中国与摩洛哥举行人权事务磋商,2023-05-25
./202305/t20230525_11083304.shtml,中国政府欧亚事务特别代表李辉同德国外交部国务秘书米夏埃利斯举行会谈,2023-05-25
./202305/t20230524_11082737.shtml,外交部国际经济司司长李克新出席联合国驻华发展系统年度研讨会,2023-05-24
./202305/t20230524_11082537.shtml,中国政府欧亚事务特别代表李辉同法国外交部政治和安全事务总司长蒙多洛尼举行会谈,2023-05-24
./202305/t20230523_11082086.shtml,外交部条法司司长马新民出席国际生物多样性日宣传活动,2023-05-23
./202305/t20230522_11081428.shtml,外交部亚洲司司长刘劲松同韩方举行外交磋商,2023-05-22
./202305/t20230519_11080366.shtml,中国政府欧亚事务特别代表李辉同波兰外交部副国务秘书格尔维尔举行会谈,2023-05-19
./202305/t20230518_11079594.shtml,中国政府中东问题特使翟隽会见伊拉克驻华大使赛义德,2023-05-18
./202305/t20230518_11079396.shtml,中国政府欧亚事务特别代表李辉访问乌克兰,2023-05-18
./202305/t20230517_11078980.shtml,外交部礼宾司副司长李响接受意大利新任驻华大使安博思递交国书副本,2023-05-17
./202305/t20230517_11078848.shtml,落实《南海各方行为宣言》第20次高官会在越南下龙市举行,2023-05-17
./202305/t20230517_11078836.shtml,中国政府非洲事务特别代表刘豫锡出席第二届中非文明对话大会,2023-05-17
./202305/t20230511_11075475.shtml,外交部亚洲司司长刘劲松会见新加坡新任驻华大使陈海泉,2023-05-11
./202305/t20230511_11075433.shtml,中国政府太平洋岛国事务特使钱波出席中国—太平洋岛国农业合作示范中心启用仪式,2023-05-11
./202305/t20230510_11074508.shtml,外交部亚洲司司长刘劲松同日方举行工作磋商,2023-05-10
./202305/t20230508_11073335.shtml,外交部礼宾司司长洪磊接受新加坡新任驻华大使递交国书副本,2023-05-08
./202304/t20230430_11069166.shtml,巴基斯坦驻华大使衷心感谢中方帮助巴侨民从苏丹平安撤离,2023-04-30
./202304/t20230428_11068709.shtml,中意、中塞、中俄举行外交政策磋商,2023-04-28
./202304/t20230428_11068524.shtml,外交部领事司组织驻华总领事代表团赴新疆维吾尔自治区参访,2023-04-28
./202304/t20230428_11068213.shtml,亚洲司负责人向韩国驻华使馆公使提出交涉,2023-04-28
./202304/t20230427_11067732.shtml,中国政府太平洋岛国事务特使钱波会见第十批太平洋岛国政治家联合考察团,2023-04-27
./202304/t20230427_11067720.shtml,外交部领事司司长吴玺：“这就是祖国，你永远可以信任她”,2023-04-27
./202304/t20230427_11067593.shtml,中国政府中东问题特使翟隽出席金砖国家中东事务副外长/特使磋商,2023-04-27
./202304/t20230426_11066405.shtml,中国政府太平洋岛国事务特使钱波访问萨摩亚,2023-04-26
./202304/t20230424_11064813.shtml,外交部非洲之角事务特使薛冰出席埃塞俄比亚和平进程恳谢活动,2023-04-24
./202304/t20230424_11064532.shtml,中国政府太平洋岛国事务特使钱波访问汤加,2023-04-24
./202304/t20230423_11064201.shtml,外交部礼宾司司长洪磊接受圣马力诺新任驻华大使（非常驻）递交国书副本,2023-04-23
./202304/t20230423_11064114.shtml,外交部外管司司长陈立出席第17届中韩地方政府交流研讨会并致辞,2023-04-23
./202304/t20230423_11064089.shtml,外交部领事司司长吴玺就维护在苏丹中国公民安全接受央视采访,2023-04-23
./202304/t20230421_11063380.shtml,中哈举行第二十一轮领事磋商,2023-04-21
./202304/t20230420_11062490.shtml,外交部亚洲司司长刘劲松会见蒙古驻华大使巴德尔勒,2023-04-20
./202304/t20230419_11061783.shtml,外交部组织驻华使节走进工业和信息化部,2023-04-19
./202304/t20230419_11061713.shtml,第七届中非青年大联欢在北京开幕,2023-04-19
./202304/t20230419_11061516.shtml,外交部亚洲司负责人就G7和日本涉华消极动向提出严正交涉,2023-04-19
./202304/t20230418_11061012.shtml,中国政府朝鲜半岛事务特别代表刘晓明分别接受法新社和塔斯社采访,2023-04-18
./202304/t20230418_11061013.shtml,中国政府朝鲜半岛事务特别代表刘晓明同俄罗斯副外长鲁登科举行会谈,2023-04-18
./202304/t20230415_11059652.shtml,中国政府朝鲜半岛事务特别代表刘晓明访问法国,2023-04-15
./202304/t20230415_11059645.shtml,中国政府朝鲜半岛事务特别代表刘晓明会见法国前总理拉法兰,2023-04-14
./202304/t20230413_11058792.shtml,中国政府中东问题特使翟隽会见也门驻华大使梅塔米,2023-04-13
./202304/t20230413_11058790.shtml,中国与莫桑比克举行联合国安理会事务磋商,2023-04-13
./202304/t20230413_11058788.shtml,外交部国际司司长申博会见红十字国际委员会东亚地区代表处主任柯邱鸣,2023-04-13
./202304/t20230413_11058779.shtml,外交部条法司司长马新民会见香港大律师公会代表团,2023-04-13
./202304/t20230412_11057955.shtml,外交部领事司司长吴玺会见伊拉克驻华大使赛义德,2023-04-12
./202304/t20230412_11057930.shtml,外交部领事司司长吴玺会见菲律宾驻华大使吉米,2023-04-12
./202304/t20230412_11057863.shtml,中国政府朝鲜半岛事务特别代表刘晓明访问德国,2023-04-12
./202304/t20230412_11057712.shtml,中荷举行军控与防扩散磋商,2023-04-12
./202304/t20230411_11057568.shtml,外交部亚洲司司长刘劲松会见联合国副秘书长迪卡洛,2023-04-11
./202304/t20230411_11057513.shtml,中国政府中东问题特使翟隽会见联合国副秘书长迪卡洛,2023-04-11
./202304/t20230410_11057055.shtml,外交部礼宾司司长洪磊分别接受布隆迪、乍得新任驻华大使递交国书副本,2023-04-10
./202304/t20230410_11057017.shtml,外交部在广西、重庆成功举办“驻华使节地方行”,2023-04-10
./202304/t20230410_11056889.shtml,中国政府中东问题特使翟隽同以色列驻华大使潘绮瑞通电话,2023-04-10
./202304/t20230407_11056248.shtml,中国政府朝鲜半岛事务特别代表刘晓明在欧洲亚洲问题研究所发表主旨演讲,2023-04-07
./202304/t20230407_11056183.shtml,中国政府中东问题特使翟隽应约集体会见阿拉伯国家驻华使节和阿盟驻华代表处负责人,2023-04-07
./202304/t20230407_11055979.shtml,中国政府太平洋岛国事务特使钱波集体会见太平洋岛国驻华使节,2023-04-07
./202304/t20230406_11055581.shtml,中国政府中东问题特使翟隽同瑞士中东事务特使布鲁尔哈特通电话,2023-04-06
./202304/t20230406_11055580.shtml,中国政府中东问题特使翟隽同挪威中东和平进程特别代表哈拉德斯塔德通电话,2023-04-06
./202304/t20230406_11055508.shtml,外交部领事司司长吴玺出席柬埔寨驻济南总领馆开馆仪式,2023-04-06
./202304/t20230406_11055476.shtml,中国政府朝鲜半岛事务特别代表刘晓明访问欧盟总部,2023-04-06
./202304/t20230404_11054184.shtml,中国政府朝鲜半岛事务特别代表刘晓明会见英国前政要及友好人士,2023-04-04
./202304/t20230404_11054146.shtml,中非合作论坛中方后续行动委员会秘书处与非洲驻华使节举行集体磋商,2023-04-04
./202304/t20230403_11053763.shtml,外交部亚洲司司长刘劲松会见红十字会与红新月会国际联合会亚太区域办公室主任马修,2023-04-03
./202304/t20230403_11053712.shtml,外交部礼宾司司长洪磊分别接受土耳其、瓦努阿图新任驻华大使递交国书副本,2023-04-03
./202304/t20230403_11053434.shtml,中国政府朝鲜半岛事务特别代表刘晓明会见英国外交发展部官员,2023-04-03
./202304/t20230403_11053405.shtml,中国政府非洲事务特别代表刘豫锡出席联合国安理会高级别公开会,2023-04-03
./202303/t20230330_11051775.shtml,外交部领事司司长吴玺会见智利驻华大使乌尔塔多,2023-03-30
./202303/t20230330_11051534.shtml,中法举行外交部国际司长磋商,2023-03-30
./202303/t20230329_11051343.shtml,中国政府朝鲜半岛事务特别代表刘晓明出席东北亚安全问题“采尔马特圆桌会”,2023-03-29
./202303/t20230329_11051329.shtml,中国政府朝鲜半岛事务特别代表刘晓明会见瑞士外交部国务秘书罗伊,2023-03-29
./202303/t20230329_11051141.shtml,外交部条法司司长马新民会见香港律师会访京团,2023-03-29
./202303/t20230328_11050447.shtml,外交部国际司司长申博会见意大利外交部政治安全总司长费拉拉,2023-03-28
./202303/t20230327_11049664.shtml,外交部组织驻华使节代表团赴重庆参访,2023-03-27
./202303/t20230322_11047091.shtml,“促进非洲产业链发展和提升非洲产品附加值”研讨会成功举办,2023-03-22
./202303/t20230321_11045735.shtml,外交部非洲之角事务特使薛冰访问肯尼亚,2023-03-21
./202303/t20230317_11043866.shtml,外交部非洲之角事务特使薛冰会见非盟委员会副主席莫妮克,2023-03-17
./202303/t20230317_11043863.shtml,外交部非洲之角事务特使薛冰访问埃塞俄比亚,2023-03-17
./202303/t20230317_11043861.shtml,外交部非洲之角事务特使薛冰访问阿联酋,2023-03-17
./202303/t20230317_11043774.shtml,外交部军控司司长孙晓波在“临甲7号沙龙——日本福岛核污染水处置问题吹风会”上的发言,2023-03-17
./202303/t20230317_11043660.shtml,外交部礼宾司司长洪磊接受秘鲁新任驻华大使巴拉雷索递交国书副本,2023-03-17
./202303/t20230316_11043213.shtml,“临甲7号沙龙”解读沙伊北京对话,2023-03-16
./202303/t20230316_11043122.shtml,外交部军控司司长孙晓波出席“临甲7号沙龙——日本福岛核污染水处置问题吹风会”,2023-03-16
./202303/t20230316_11042581.shtml,外交部亚洲司司长刘劲松会见瑞士外交部亚太司司长史伦博,2023-03-16
./202303/t20230314_11041045.shtml,中国政府中东问题特使翟隽会见欧盟中东和平进程特别代表库普曼斯,2023-03-14
./202303/t20230313_11039935.shtml,外交部礼宾司司长洪磊分别接受哥伦比亚、埃塞俄比亚、法国新任驻华大使递交国书副本,2023-03-13
./202303/t20230313_11039683.shtml,巴勒斯坦总统阿巴斯会见中国政府中东问题特使翟隽,2023-03-13
./202303/t20230312_11039401.shtml,中国政府太平洋岛国事务特使钱波访问瓦努阿图,2023-03-12
./202303/t20230310_11039062.shtml,外交部阿富汗事务特使岳晓勇出席首次阿富汗邻国阿问题特使（特代）会议,2023-03-10
./202303/t20230310_11039044.shtml,阿塞拜疆总统阿利耶夫会见中国政府欧洲事务特别代表吴红波,2023-03-10
./202303/t20230310_11038996.shtml,外交部拉美司司长蔡伟出席“共享机遇、共创未来”中国——墨西哥合作与发展论坛并致辞,2023-03-10
./202303/t20230310_11038959.shtml,中国政府中东问题特使翟隽会见联合国中东和平进程特别协调员温尼斯兰德,2023-03-10
./202303/t20230310_11038955.shtml,中国政府中东问题特使翟隽访问以色列,2023-03-10
./202303/t20230308_11037714.shtml,中国政府中东问题特使翟隽访问俄罗斯,2023-03-08
./202303/t20230308_11037713.shtml,中国政府太平洋岛国事务特使钱波访问巴布亚新几内亚,2023-03-08
./202303/t20230303_11035652.shtml,中国政府太平洋岛国事务特使钱波访问密克罗尼西亚联邦,2023-03-03
./202303/t20230301_11033448.shtml,外交部阿富汗事务特使岳晓勇会见挪威驻华大使白思娜,2023-03-01
./202206/t20220615_10703785.shtml,马拉维外长滕博会见外交部非洲司司长吴鹏,2022-06-15
./202303/t20230301_11033170.shtml,中国政府拉美事务特别代表邱小琪出席多米尼加独立179周年招待会,2023-03-01
./202302/t20230228_11032557.shtml,中俄举行新一轮亚洲事务磋商,2023-02-28
./202302/t20230224_11031304.shtml,外交部亚洲司司长刘劲松会见蒙古驻华大使巴德尔勒,2023-02-24
./202302/t20230224_11031085.shtml,外交部礼宾司司长洪磊接受菲律宾新任驻华大使吉米递交国书副本,2023-02-24
./202302/t20230224_11031069.shtml,外交部领事司司长吴玺集体会见越南驻华总领事,2023-02-24
./202302/t20230224_11031016.shtml,中国政府拉美事务特别代表邱小琪会见部分拉美国家驻华使节,2023-02-24
./202302/t20230223_11030470.shtml,中国政府太平洋岛国事务特使钱波出席中国—太平洋岛国防灾减灾合作中心启用仪式,2023-02-23
./202302/t20230223_11030258.shtml,外交部国际司司长申博会见红十字会与红新月会国际联合会秘书长乔帕甘,2023-02-23
./202302/t20230222_11029614.shtml,中印举行边境事务磋商和协调机制第26次会议,2023-02-22
./202302/t20230221_11028742.shtml,中国政府欧洲事务特别代表吴红波同荷兰外交部政治总司长德温克举行政治磋商,2023-02-21
./202302/t20230221_11028233.shtml,外交部阿富汗事务特使岳晓勇访问伊朗,2023-02-21
./202302/t20230221_11028058.shtml,中国政府朝鲜半岛事务特别代表刘晓明会见俄罗斯驻华大使莫尔古洛夫,2023-02-20
./202302/t20230220_11027846.shtml,中国政府中东问题特使翟隽出席“支持巴勒斯坦权利”学术外交国家奖证书转交仪式,2023-02-20
./202302/t20230220_11027594.shtml,中国政府欧洲事务特别代表吴红波访问芬兰,2023-02-20
./202302/t20230217_11026769.shtml,外交部亚洲司司长刘劲松会见浦项（中国）投资有限公司董事长宋容三,2023-02-17
./202302/t20230217_11026441.shtml,中国政府欧洲事务特别代表吴红波访问丹麦,2023-02-17
./202302/t20230215_11025393.shtml,中国政府欧洲事务特别代表吴红波访问比利时,2023-02-15
./202302/t20230215_11025295.shtml,中国政府欧洲事务特别代表吴红波访问欧盟总部,2023-02-15
./202302/t20230214_11024696.shtml,中国政府拉美事务特别代表邱小琪会见尼加拉瓜总统投资、贸易和国际合作顾问、 对华合作牵头人劳雷亚诺,2023-02-14
./202302/t20230210_11023712.shtml,外交部阿富汗事务特使岳晓勇访问俄罗斯,2023-02-10
./202302/t20230210_11023039.shtml,中国政府中东问题特使翟隽会见以色列驻华大使潘绮瑞,2023-02-10
./202302/t20230209_11022691.shtml,外交部领事司司长吴玺会见香港特区政府驻京办首席入境事务主任,2023-02-09
./202302/t20230209_11022562.shtml,外交部领事司司长吴玺会见哈萨克斯坦驻华大使努雷舍夫,2023-02-09
./202302/t20230209_11022344.shtml,外交部亚洲司司长刘劲松会见斯里兰卡驻华大使科霍纳,2023-02-09
./202302/t20230208_11022056.shtml,外交部礼宾司司长洪磊接受苏里南新任驻华大使张碧芬递交国书副本,2023-02-08
./202302/t20230207_11021219.shtml,外交部阿富汗事务特使岳晓勇会见巴基斯坦、乌兹别克斯坦、俄罗斯驻华使馆负责人,2023-02-07
./202302/t20230206_11020318.shtml,外交部礼宾司司长洪磊接受智利新任驻华大使乌尔塔多递交国书副本,2023-02-06
./202302/t20230203_11019021.shtml,外交部领事司司长吴玺出席俄罗斯驻哈尔滨总领馆开馆仪式,2023-02-03
./202302/t20230201_11018017.shtml,外交部礼宾司司长洪磊接受马耳他新任驻华大使白瀚轩递交国书副本,2023-02-01
./202302/t20230201_11017896.shtml,中国政府非洲事务特别代表刘豫锡赴加蓬驻华使馆吊唁加蓬外长穆萨,2023-02-01
./202301/t20230131_11017002.shtml,中国政府中东问题特使翟隽就近期巴以紧张局势同俄罗斯外长中东调解问题特别代表萨夫龙科夫通电话,2023-01-31
./202301/t20230130_11016473.shtml,中国政府朝鲜半岛事务特别代表刘晓明会见瑞士驻华大使白瑞谊,2023-01-30
./202301/t20230120_11013437.shtml,外交部亚洲司司长刘劲松会见中国日本商会会长池添洋一,2023-01-20
./202301/t20230118_11011219.shtml,外交部政策规划司司长苗得雨以视频方式主持召开第七届金砖国家外交政策规划对话会,2023-01-18
./202301/t20230116_11009129.shtml,外交部亚洲司司长刘劲松同泰国外交部东亚司司长察猜视频会晤,2023-01-16
./202301/t20230113_11006946.shtml,中国与不丹边界问题专家组第十一次会议联合新闻稿,2023-01-13
./202301/t20230111_11005861.shtml,外交部亚洲司司长刘劲松会见东帝汶驻华大使桑托斯,2023-01-11
./202301/t20230111_11005850.shtml,世界知名伊斯兰宗教人士和学者代表团访问新疆维吾尔自治区,2023-01-11
./202301/t20230110_11005264.shtml,外交部亚洲司司长刘劲松会见缅甸驻华大使丁貌瑞,2023-01-10
./202301/t20230110_11005146.shtml,外交部礼宾司司长洪磊接受几内亚新任驻华大使科伊塔递交国书副本,2023-01-10
./202301/t20230105_11001346.shtml,外交部领事司司长吴玺会见缅甸新任驻华大使丁貌瑞,2023-01-05
./202301/t20230101_10999522.shtml,中国政府朝鲜半岛事务特别代表刘晓明同韩国外交部半岛和平交涉本部长金健通话,2023-01-01
./202212/t20221230_10998599.shtml,外交部亚洲司司长刘劲松会见尼泊尔驻华大使施雷斯塔,2022-12-30
./202212/t20221228_10996929.shtml,外交部亚洲司司长刘劲松会见孟加拉国新任驻华大使乌丁,2022-12-28
./202212/t20221226_10995429.shtml,外交部礼宾司司长洪磊接受佛得角新任驻华大使多罗萨里奥递交国书副本,2022-12-26
./202212/t20221224_10994731.shtml,外交部亚洲司司长刘劲松出席中国—东盟中心成立11周年暨新任秘书长到任招待会,2022-12-24
./202212/t20221222_10993922.shtml,外交部礼宾司司长洪磊分别接受缅甸、希腊新任驻华大使递交国书副本,2022-12-22
./202212/t20221221_10993029.shtml,外交部亚洲司司长刘劲松会见巴基斯坦驻华大使哈克,2022-12-21
./202212/t20221220_10992415.shtml,外交部礼宾司司长洪磊接受新西兰新任驻华大使莫顿递交国书副本,2022-12-20
./202212/t20221220_10992389.shtml,外交部礼宾司司长洪磊接受斯洛伐克新任驻华大使利扎克递交国书副本,2022-12-20
./202212/t20221216_10991429.shtml,圣多美和普林西比总统诺瓦会见中国政府非洲事务特别代表刘豫锡,2022-12-16
./202212/t20221216_10991307.shtml,加纳副总统巴武米亚会见中国政府非洲事务特别代表刘豫锡,2022-12-16
./202212/t20221215_10990778.shtml,非洲司司长吴鹏出席“数智中非”创新创业青年领袖钱塘论坛,2022-12-15
./202212/t20221215_10990682.shtml,利比里亚代理内阁主席迪恩会见中国政府非洲事务特别代表刘豫锡,2022-12-15
./202212/t20221213_10989852.shtml,非洲司司长吴鹏同北京大学南南合作与发展学院中外师生交流,2022-12-13
./202212/t20221212_10989321.shtml,科特迪瓦副总统科内会见中国政府非洲事务特别代表刘豫锡,2022-12-12
./202212/t20221212_10989264.shtml,外交部亚洲司司长刘劲松出席泰国国庆招待会,2022-12-12
./202212/t20221209_10988122.shtml,中国与南非举行人权事务磋商,2022-12-09
./202212/t20221208_10987159.shtml,索马里总理巴雷会见中国政府非洲事务特别代表刘豫锡,2022-12-08
./202211/t20221130_10983214.shtml,中国政府拉美事务特别代表邱小琪访问厄瓜多尔,2022-11-30
./202211/t20221130_10983212.shtml,中国布隆迪外交部举行第六轮政治磋商,2022-11-30
./202211/t20221129_10982686.shtml,外交部领事司司长吴玺在蒙古国驻满洲里领事馆开馆仪式上视频致辞,2022-11-29
./202211/t20221128_10981638.shtml,外交部阿富汗事务特使岳晓勇访问印度尼西亚,2022-11-28
./202211/t20221128_10981637.shtml,中国政府拉美事务特别代表邱小琪访问玻利维亚,2022-11-28
./202211/t20221125_10980926.shtml,外交部非洲司司长吴鹏出席中国与东非地区开展基础设施项目合作圆桌会,2022-11-25
./202211/t20221124_10980410.shtml,中国政府拉美事务特别代表邱小琪访问委内瑞拉,2022-11-24
./202211/t20221123_10979897.shtml,中国政府朝鲜半岛事务特别代表刘晓明会见英国驻华大使吴若兰,2022-11-23
./202211/t20221122_10979395.shtml,中日举行海洋事务高级别磋商机制第十四轮磋商,2022-11-22
./202211/t20221122_10979366.shtml,外交部拉美司司长蔡伟向中拉新闻交流中心记者宣介中共二十大精神,2022-11-22
./202211/t20221122_10979318.shtml,外交部阿富汗事务特使岳晓勇访问乌兹别克斯坦,2022-11-22
./202211/t20221122_10979209.shtml,外交部阿富汗事务特使岳晓勇出席第四次阿富汗问题“莫斯科模式”会议,2022-11-22
./202211/t20221122_10979163.shtml,外交部非洲司司长吴鹏出席中国-印度洋地区发展合作论坛,2022-11-22
./202211/t20221121_10978619.shtml,中国政府中东问题特使翟隽访问巴林并出席麦纳麦对话会,2022-11-21
./202211/t20221121_10978566.shtml,中国政府拉美事务特别代表邱小琪访问哥伦比亚,2022-11-21
./202211/t20221118_10977492.shtml,中国政府欧洲事务特别代表吴红波出席比利时国王日招待会,2022-11-18
./202211/t20221117_10977103.shtml,中国政府中东问题特使翟隽访问科威特,2022-11-17
./202211/t20221117_10976776.shtml,外交部成功举办2022年省区市外办新任职班子成员培训班,2022-11-17
./202211/t20221116_10976483.shtml,外交部阿富汗事务特使岳晓勇访问土库曼斯坦,2022-11-16
./202211/t20221116_10976237.shtml,中国政府朝鲜半岛事务特别代表刘晓明同韩国外交部半岛和平交涉本部长金健视频会晤,2022-11-16
./202211/t20221116_10976141.shtml,中国政府拉美事务特别代表邱小琪访问秘鲁,2022-11-16
./202211/t20221115_10975665.shtml,外交部礼宾司副司长王敏接受加拿大新任驻华大使梅倩琳递交国书副本,2022-11-15
./202211/t20221115_10975286.shtml,中国政府中东问题特使翟隽访问阿曼,2022-11-15
./202211/t20221115_10975290.shtml,中国政府朝鲜半岛事务特别代表刘晓明会见俄罗斯新任驻华大使莫尔古洛夫,2022-11-15
./202211/t20221114_10974353.shtml,巴勒斯坦总统阿巴斯会见中国政府中东问题特使翟隽,2022-11-14
./202211/t20221114_10974342.shtml,中国政府中东问题特使翟隽访问以色列,2022-11-14
./202211/t20221112_10973150.shtml,中国政府拉美事务特别代表邱小琪访问墨西哥,2022-11-12
./202211/t20221111_10972895.shtml,中国与厄瓜多尔举行联合国安理会事务磋商,2022-11-11
./202211/t20221111_10972780.shtml,中国政府非洲事务特别代表刘豫锡出席2022中非合作论坛——减贫与发展会议,2022-11-11
./202211/t20221110_10951356.shtml,外交部领事司司长吴玺向外国驻华使馆高级别领事官员宣介二十大精神,2022-11-10
./202211/t20221109_10858156.shtml,中国政府非洲事务特别代表刘豫锡出席2022中非民营经济合作论坛,2022-11-09
./202211/t20221108_10820661.shtml,中国政府中东问题特使翟隽访问阿联酋并出席锡尔巴尼亚斯论坛,2022-11-08
./202211/t20221107_10801359.shtml,中非合作论坛中方后续行动委员会秘书处成功举办“中非丰收之夜”活动,2022-11-07
./202211/t20221107_10801302.shtml,中吉举行共建“一带一路”合作项目安全保障工作视频会议,2022-11-07
./202211/t20221104_10800755.shtml,外交部政策规划司司长苗得雨同蒙古外交部政策规划局局长彬巴苏任举行外交政策视频磋商,2022-11-04
./202211/t20221104_10800629.shtml,外交部中阿合作论坛事务大使李琛访问阿尔及利亚,2022-11-04
./202211/t20221104_10800623.shtml,中国政府中东问题特使翟隽出席第31届阿盟首脑理事会会议,2022-11-04
./202211/t20221101_10795060.shtml,外交部亚洲司司长刘劲松向亚洲周边国家记者宣介党的二十大精神和中国式现代化,2022-11-01
./202210/t20221031_10794619.shtml,外交部领事司司长吴玺会见俄罗斯新任驻上海总领事卢基扬采夫,2022-10-31
./202210/t20221031_10794534.shtml,外交部礼宾司司长洪磊接受俄罗斯新任驻华大使莫尔古洛夫递交国书副本,2022-10-31
./202210/t20221028_10793565.shtml,外交部中阿合作论坛事务大使李琛访问卡塔尔,2022-10-28
./202210/t20221028_10793436.shtml,外交部亚非司李连和大使访问科摩罗,2022-10-28
./202210/t20221027_10792839.shtml,外交部非洲司司长吴鹏向中国国际新闻交流中心非洲分中心记者宣介中共二十大精神,2022-10-27
./202210/t20221027_10792677.shtml,外交部亚洲司司长刘劲松会见巴基斯坦驻华大使哈克,2022-10-27
./202210/t20221026_10792437.shtml,中国政府欧洲事务特别代表吴红波出席奥地利国庆招待会,2022-10-26
./202210/t20221026_10792378.shtml,外交部礼宾司司长洪磊接受苏丹新任驻华大使萨迪格递交国书副本,2022-10-26
./202210/t20221025_10791824.shtml,外交部亚洲司司长刘劲松会见日本驻华使馆首席公使小泉勉,2022-10-25
./202210/t20221025_10791646.shtml,外交部亚非司李连和大使访问吉布提,2022-10-25
./202210/t20221025_10791503.shtml,外交部拉美司司长蔡伟出席纪念中墨建交50周年——“促合作、谋共赢”第五届中墨研讨会,2022-10-25
./202210/t20221024_10790918.shtml,外交部亚非司李连和大使访问南苏丹,2022-10-24
./202210/t20221024_10790684.shtml,外交部中阿合作论坛事务大使李琛访问约旦,2022-10-24
./202210/t20221021_10790169.shtml,外交部中阿合作论坛事务大使李琛访问黎巴嫩,2022-10-21
./202210/t20221021_10789728.shtml,外交部亚非司李连和大使访问苏丹,2022-10-21
./202210/t20221019_10785989.shtml,中国政府中东问题特使翟隽会见也门驻华大使梅塔米,2022-10-19
./202210/t20221019_10785918.shtml,外交部亚非司李连和大使访问毛里塔尼亚,2022-10-19
./202210/t20221017_10784797.shtml,外交部礼宾司司长洪磊接受埃及新任驻华大使哈奈菲递交国书副本,2022-10-17
./202210/t20221014_10783770.shtml,中印举行边境事务磋商和协调工作机制第25次会议,2022-10-14
./202210/t20221014_10783323.shtml,外交部亚洲司司长刘劲松会见文莱驻华大使拉赫玛尼,2022-10-14
./202210/t20221013_10783138.shtml,外交部亚洲司司长刘劲松会见蒙古驻华大使巴德尔勒,2022-10-13
./202210/t20221013_10782876.shtml,外交部亚洲司司长刘劲松同日本外务省亚大局局长船越健裕视频会晤,2022-10-13
./202210/t20221013_10782768.shtml,外交部中阿合作论坛事务大使李琛访问摩洛哥,2022-10-13
./202210/t20221012_10781289.shtml,外交部中阿合作论坛事务大使李琛访问突尼斯,2022-10-12
./202210/t20221012_10781282.shtml,外交部亚洲司司长刘劲松会见印度驻华大使罗国栋,2022-10-12
./202210/t20221012_10781278.shtml,外交部亚洲司司长刘劲松会见巴基斯坦驻华大使哈克,2022-10-12
./202210/t20221006_10777360.shtml,外交部中阿合作论坛事务大使李琛访问埃及和阿盟总部,2022-10-06
./202210/t20221004_10777131.shtml,外交部中阿合作论坛事务大使李琛访问沙特,2022-10-04
./202210/t20221004_10777130.shtml,外交部中阿合作论坛事务大使李琛会见也门副外长巴贾西,2022-10-04
./202209/t20220930_10775134.shtml,外交部中阿合作论坛事务大使李琛出席在俄罗斯举行的利比亚问题磋商,2022-09-30
./202209/t20220929_10774533.shtml,外交部礼宾司司长洪磊分别接受巴哈马、爱沙尼亚新任驻华大使递交国书副本,2022-09-29
./202209/t20220929_10774367.shtml,外交部领事司司长吴玺会见新西兰驻华大使傅恩莱,2022-09-29
./202209/t20220929_10774277.shtml,外交部非洲司司长吴鹏会见红十字国际委员会东亚地区负责人,2022-09-29
./202209/t20220928_10773374.shtml,外交部领事司司长吴玺会见叙利亚驻华大使哈桑内,2022-09-28
./202209/t20220928_10773094.shtml,中国政府欧洲事务特别代表吴红波访问法国,2022-09-28
./202209/t20220927_10772674.shtml,外交部亚洲司司长刘劲松会见巴基斯坦驻华大使哈克,2022-09-27
./202209/t20220927_10772410.shtml,中蒙举行第二十二轮领事磋商,2022-09-27
./202209/t20220926_10771898.shtml,中国政府拉美事务特别代表邱小琪出席纪念中墨建交50周年暨墨西哥国庆招待会,2022-09-26
./202209/t20220926_10771684.shtml,中国政府欧洲事务特别代表吴红波访问爱尔兰,2022-09-26
./202209/t20220924_10770948.shtml,外交部亚洲司司长刘劲松在中日邦交正常化50周年民间纪念活动开幕式上的致辞,2022-09-24
./202209/t20220924_10770770.shtml,外交部亚洲司司长刘劲松出席中日文化交流特展开幕式,2022-09-24
./202209/t20220923_10770684.shtml,外交部全力处置柬埔寨沉船事件,2022-09-23
./202209/t20220923_10770560.shtml,外交部礼宾司副司长李响接受尼加拉瓜新任驻华大使科罗内尔递交国书副本,2022-09-23
./202209/t20220923_10770559.shtml,中国政府拉美事务特别代表邱小琪出席中古建交62周年招待会,2022-09-23
./202209/t20220923_10770558.shtml,中国政府非洲事务特别代表刘豫锡会见尼日利亚代外长达达,2022-09-23
./202209/t20220922_10770010.shtml,外交部组织驻华使节“步入中国建筑”,2022-09-22
./202209/t20220922_10769472.shtml,中国政府欧洲事务特别代表吴红波访问比利时,2022-09-22
./202209/t20220921_10768900.shtml,中国政府欧洲事务特别代表吴红波访问欧盟总部,2022-09-21
./202209/t20220920_10768532.shtml,外交部礼宾司副司长李响分别接受欧盟新任驻华代表团团长、瑞士新任驻华大使递交国书副本,2022-09-20
./202209/t20220920_10768347.shtml,中国政府非洲事务特别代表刘豫锡会见喀麦隆代外长乌玛鲁,2022-09-20
./202209/t20220919_10767949.shtml,外交部礼宾司副司长李响分别接受塞浦路斯、莱索托新任驻华大使递交国书副本,2022-09-19
./202209/t20220919_10767791.shtml,中国政府欧洲事务特别代表吴红波访问葡萄牙,2022-09-19
./202209/t20220918_10767565.shtml,中国同阿联酋举行反恐和去极端化合作磋商机制首次会议,2022-09-18
./202209/t20220916_10766977.shtml,安哥拉总统洛伦索会见中国政府非洲事务特别代表刘豫锡,2022-09-16
./202209/t20220916_10766878.shtml,中国政府拉美事务特别代表邱小琪出席萨尔瓦多独立201周年招待会,2022-09-16
./202209/t20220916_10766870.shtml,禁止化学武器组织总干事阿里亚斯和执行理事会代表团视频访华,2022-09-16
./202209/t20220915_10766612.shtml,外交部亚洲司司长刘劲松在天津市援助巴基斯坦友好省市救灾物资启运仪式上的讲话,2022-09-15
./202209/t20220914_10766111.shtml,外交部亚洲司司长刘劲松会见东帝汶驻华大使桑托斯,2022-09-14
./202209/t20220914_10766063.shtml,肯尼亚总统鲁托会见中国政府非洲事务特别代表刘豫锡,2022-09-14
./202209/t20220914_10765842.shtml,中国政府欧洲事务特别代表吴红波访问西班牙,2022-09-14
./202209/t20220913_10765579.shtml,外交部非洲司司长吴鹏出席南部非洲发展共同体纪念日招待会,2022-09-13
./202209/t20220911_10765059.shtml,外交部美大司司长杨涛就美国对我高校实施网络攻击窃密向美方提出严正交涉,2022-09-11
./202209/t20220908_10764084.shtml,第三届中国—阿拉伯国家改革发展论坛成功举办,2022-09-08
./202209/t20220908_10764079.shtml,外交部亚洲司司长刘劲松在第二届“中巴智库论坛”上的致辞,2022-09-08
./202209/t20220906_10762863.shtml,外交部礼宾司司长洪磊接受南苏丹新任驻华大使蒙代递交国书副本,2022-09-06
./202209/t20220905_10762075.shtml,外交部亚洲司司长刘劲松会见尼泊尔新任驻华大使施雷斯塔,2022-09-05
./202209/t20220903_10761639.shtml,中老举行共建“一带一路”合作项目安全保障工作视频会议,2022-09-02
./202209/t20220902_10759467.shtml,外交部涉外安全事务专员程国平会见阿联酋驻华大使扎希里,2022-09-02
./202209/t20220902_10759466.shtml,外交部亚洲司司长刘劲松会见巴基斯坦驻华大使哈克,2022-09-02
./202209/t20220902_10759465.shtml,中巴举行重大合作项目安全保障工作视频会议,2022-09-02
./202209/t20220901_10759232.shtml,外交部亚洲司司长刘劲松会见印尼驻华大使周浩黎,2022-09-01
./202208/t20220831_10758339.shtml,外交部亚洲司司长刘劲松会见斯里兰卡驻华大使科霍纳,2022-08-31
./202208/t20220831_10758297.shtml,外交部亚洲司司长刘劲松同日本外务省亚大局局长船越健裕视频会晤,2022-08-31
./202208/t20220831_10758254.shtml,外交部非洲司司长吴鹏出席中国与南共体推动基础设施项目合作圆桌会,2022-08-31
./202208/t20220825_10753450.shtml,外交部涉外安全事务专员程国平会见吉尔吉斯斯坦驻华大使巴克特古洛娃,2022-08-25
./202208/t20220825_10753415.shtml,外交部礼宾司副司长李响接受乌干达新任驻华大使沃内卡递交国书副本,2022-08-25
./202208/t20220824_10750567.shtml,外交部非洲司司长吴鹏出席《中国企业投资非洲报告》发布会暨首批非洲鲜食牛油果国内接收仪式,2022-08-24
./202208/t20220823_10749531.shtml,外交部亚洲司司长刘劲松线上出席“Z世代”中日韩青少年交流活动,2022-08-23
./202208/t20220822_10748625.shtml,外交部礼宾司副司长李响接受巴西新任驻华大使高望递交国书副本,2022-08-22
./202208/t20220822_10748624.shtml,外交部礼宾司副司长李响接受科威特新任驻华大使马拉菲递交国书副本,2022-08-22
./202208/t20220819_10746167.shtml,中国政府拉美事务特别代表邱小琪出席萨尔瓦多驻华使馆庆祝中萨建交4周年招待会,2022-08-19
./202208/t20220819_10746166.shtml,外交部涉外安全事务专员程国平应约会见伊朗驻华大使克沙瓦尔兹扎德,2022-08-19
./202208/t20220817_10744893.shtml,中哈举行第二十轮领事磋商,2022-08-17
./202208/t20220816_10744058.shtml,外交部涉外安全事务专员程国平会见巴基斯坦驻华大使哈克,2022-08-16
./202208/t20220815_10743493.shtml,外交部礼宾司司长洪磊分别接受肯尼亚、刚果共和国新任驻华大使递交国书副本,2022-08-15
./202208/t20220812_10742507.shtml,外交部阿富汗事务特使岳晓勇访问阿富汗,2022-08-12
./202208/t20220811_10741251.shtml,马达加斯加总统拉乔利纳会见中国政府非洲事务特别代表许镜湖,2022-08-11
./202208/t20220811_10740989.shtml,外交部组织驻华使节“步入国家电网”,2022-08-11
./202208/t20220810_10739901.shtml,中非合作论坛中方后续行动委员会秘书处与非洲驻华使节举行集体磋商,2022-08-10
./202208/t20220810_10739308.shtml,外交部礼宾司副司长李响接受塞内加尔新任驻华大使锡拉递交国书副本,2022-08-10
./202208/t20220809_10738219.shtml,外交部非洲之角事务特使薛冰同联合国秘书长非洲之角特使塔特赫通电话,2022-08-09
./202208/t20220808_10737347.shtml,外交部礼宾司司长洪磊接受尼泊尔新任驻华大使施雷斯塔递交国书副本,2022-08-08
./202208/t20220808_10737176.shtml,毛里求斯总理贾格纳特会见中国政府非洲事务特别代表许镜湖,2022-08-08
./202208/t20220806_10736375.shtml,外交部组织伊斯兰国家驻华使节代表团赴新疆维吾尔自治区考察访问,2022-08-06
./202208/t20220805_10735475.shtml,中日韩合作秘书处招聘职员,2022-08-05
./202208/t20220803_10732995.shtml,塞舌尔总统拉姆卡拉旺会见中国政府非洲事务特别代表许镜湖,2022-08-03
./202208/t20220803_10732804.shtml,外交部涉外安全事务专员程国平同阿联酋国际反暴力极端主义示范中心主席阿里举行视频会见,2022-08-03
./202208/t20220803_10732768.shtml,中国代表团出席《不扩散核武器条约》第十次审议大会,2022-08-03
./202208/t20220803_10732756.shtml,中国代表团团长、外交部军控司司长傅聪在《不扩散核武器条约》第十次审议大会一般性辩论中的发言,2022-08-03
./202208/t20220802_10731956.shtml,外交部阿富汗事务特使岳晓勇访问土耳其,2022-08-02
./202208/t20220801_10731442.shtml,外交部礼宾司副司长王敏接受韩国新任驻华大使郑在浩递交国书副本,2022-08-01
./202207/t20220729_10730260.shtml,外交部涉外安全事务专员程国平会见叙利亚驻华大使哈桑内,2022-07-29
./202207/t20220729_10730166.shtml,外交部礼宾司副司长王敏接受沙特新任驻华大使哈勒比递交国书副本,2022-07-29
./202207/t20220729_10730137.shtml,中国政府非洲事务特别代表许镜湖访问纳米比亚,2022-07-29
./202207/t20220729_10730066.shtml,外交部阿富汗事务特使岳晓勇在阿问题高级别国际会议上的讲话,2022-07-29
./202207/t20220728_10729363.shtml,中国政府朝鲜半岛事务特别代表刘晓明会见瑞士离任驻华大使,2022-07-28
./202207/t20220727_10728694.shtml,外交部阿富汗事务特使岳晓勇主持召开阿富汗邻国阿富汗问题特使（特别代表）会晤,2022-07-27
./202207/t20220727_10728584.shtml,外交部军控司司长傅聪会见红十字国际委员会<br>东亚地区代表处主任柯邱鸣,2022-07-27
./202207/t20220726_10728305.shtml,中国政府朝鲜半岛事务特别代表刘晓明同韩国外交部半岛和平交涉本部长金健通电话,2022-07-26
./202207/t20220725_10727244.shtml,外交部涉外安全事务专员程国平会见巴基斯坦驻华大使哈克,2022-07-25
./202207/t20220725_10726940.shtml,刚果（金）总理卢孔德会见中国政府非洲事务特别代表许镜湖,2022-07-25
./202207/t20220722_10726539.shtml,中国政府朝鲜半岛事务特别代表刘晓明同俄罗斯副外长莫尔古洛夫通电话,2022-07-22
./202207/t20220721_10725335.shtml,刚果（布）总统萨苏会见中国政府非洲事务特别代表许镜湖,2022-07-21
./202207/t20220720_10725151.shtml,外交部涉外安全事务专员程国平会见伊朗驻华大使克沙瓦尔兹扎德,2022-07-20
./202207/t20220720_10725034.shtml,外交部欧洲司司长王鲁彤同欧盟及成员国驻华使节举行工作交流,2022-07-20
./202207/t20220719_10723434.shtml,外交部阿富汗事务特使岳晓勇访问俄罗斯、卡塔尔和巴基斯坦,2022-07-19
./202207/t20220719_10723177.shtml,外交部非洲司司长吴鹏出席“纳尔逊·曼德拉国际日”纪念活动,2022-07-19
./202207/t20220718_10722923.shtml,外交部礼宾司司长洪磊接受萨摩亚新任驻华大使马里纳递交国书副本,2022-07-18
./202207/t20220718_10722673.shtml,中国政府非洲事务特别代表许镜湖会见卢旺达外交国务部长恩舒蒂,2022-07-18
./202207/t20220715_10722173.shtml,外交部欧洲司司长王鲁彤集体会见中东欧国家驻华使节,2022-07-15
./202207/t20220715_10722139.shtml,外交部礼宾司司长洪磊接受德国新任驻华大使傅融递交国书副本,2022-07-15
./202207/t20220715_10721901.shtml,中尼举行边界事务司局级磋商,2022-07-15
./202207/t20220715_10720484.shtml,外交部欧洲司司长王鲁彤出席法国国庆招待会,2022-07-15
./202207/t20220714_10719819.shtml,布隆迪总统恩达伊施米耶会见中国政府非洲事务特别代表许镜湖,2022-07-14
./202207/t20220713_10719413.shtml,中国政府中东问题特使翟隽会见巴基斯坦驻华大使哈克,2022-07-13
./202207/t20220711_10718462.shtml,外交部礼宾司司长洪磊接受尼日尔新任驻华大使塞尼递交国书副本,2022-07-11
./202207/t20220710_10718113.shtml,中国政府欧亚事务特别代表李辉出席格鲁吉亚独立日招待会,2022-07-10
./202207/t20220710_10718066.shtml,外交部政策规划司司长苗得雨出席“习近平新时代中国特色社会主义思想理论与实践”研讨会并作主旨演讲,2022-07-10
./202207/t20220708_10717747.shtml,中国政府欧洲事务特别代表吴红波出席欧盟驻华代表团2022年欧洲日招待会,2022-07-08
./202207/t20220708_10717156.shtml,巴西副总统莫朗、代外长马加良斯分别会见中国政府拉美事务特别代表邱小琪,2022-07-08
./202207/t20220705_10715362.shtml,多米尼加总统阿比纳德尔、外长阿尔瓦雷斯分别会见中国政府拉美事务特别代表邱小琪,2022-07-05
./202207/t20220704_10715021.shtml,外交部礼宾司司长洪磊接受叙利亚新任驻华大使哈桑内递交国书副本,2022-07-04
./202207/t20220701_10713764.shtml,巴拿马国民大会主席阿达梅斯、外长莫伊内斯分别会见中国政府拉美事务特别代表邱小琪,2022-07-01
./202207/t20220701_10713730.shtml,中国政府欧亚事务特别代表李辉出席白俄罗斯独立日招待会,2022-07-01
./202206/t20220630_10712806.shtml,中国政府中东问题特使翟隽会见意大利驻华大使方澜意,2022-06-30
./202206/t20220630_10712803.shtml,中国政府中东问题特使翟隽会见伊朗驻华大使克沙瓦尔兹扎德,2022-06-30
./202206/t20220630_10712438.shtml,多哥总理多贝会见中国外交部非洲司司长吴鹏,2022-06-30
./202206/t20220629_10712033.shtml,中国—阿富汗经济重建工作层联络机制第二次会议成功举行,2022-06-29
./202206/t20220629_10711702.shtml,尼加拉瓜国民议会议长波拉斯会见中国政府拉美事务特别代表邱小琪,2022-06-29
./202206/t20220628_10711286.shtml,中国—阿富汗人道援助工作层联络机制第二次会议成功举行,2022-06-28
./202206/t20220628_10711173.shtml,布基纳法索过渡总统达米巴、过渡政府外长鲁安巴分别会见外交部非洲司司长吴鹏,2022-06-28
./202206/t20220628_10710927.shtml,外交部亚洲司司长刘劲松会见马尔代夫驻华大使阿兹玛,2022-06-28
./202206/t20220627_10710520.shtml,尼加拉瓜外长蒙卡达会见中国政府拉美事务特别代表邱小琪,2022-06-27
./202206/t20220627_10710459.shtml,外交部非洲司司长吴鹏会见塞内加尔官员,2022-06-27
./202206/t20220625_10710032.shtml,中国政府拉美事务特别代表邱小琪出席中国成为拉美社科院观察员国庆祝活动,2022-06-25
./202206/t20220625_10710028.shtml,萨尔瓦多总统布克尔会见中国政府拉美事务特别代表邱小琪,2022-06-25
./202206/t20220625_10709983.shtml,外交部亚洲司司长刘劲松会见越南驻华大使范星梅,2022-06-25
./202206/t20220623_10708926.shtml,外交部亚洲司司长刘劲松会见蒙古驻华大使巴德尔勒,2022-06-23
./202206/t20220623_10708853.shtml,中日举行海洋事务高级别磋商团长会谈,2022-06-23
./202206/t20220623_10708767.shtml,中国政府拉美事务特别代表邱小琪访问哥斯达黎加,2022-06-23
./202206/t20220623_10708563.shtml,外交部亚洲司司长刘劲松会见斯里兰卡驻华大使科霍纳,2022-06-23
./202206/t20220623_10708561.shtml,外交部亚洲司司长刘劲松会见马来西亚驻华大使努西尔万,2022-06-23
./202206/t20220622_10707873.shtml,外交部非洲之角事务特使薛冰出席非洲之角和平会议,2022-06-22
./202206/t20220622_10707736.shtml,坦桑尼亚外长穆拉穆拉会见外交部非洲司司长吴鹏,2022-06-22
./202206/t20220620_10706164.shtml,赞比亚总统希奇莱马会见外交部非洲司司长吴鹏,2022-06-20
./202206/t20220618_10705931.shtml,赞比亚外长卡库博会见外交部非洲司司长吴鹏,2022-06-18
./202206/t20220617_10705644.shtml,外交部亚洲司司长刘劲松会见泰国驻华大使阿塔育,2022-06-17
./202206/t20220617_10705566.shtml,外交部亚非司司长王镝访问中东六国并赴俄罗斯举行中俄中东事务司局级磋商,2022-06-17
./202206/t20220617_10704791.shtml,外交部非洲司司长接受赞比亚《每日邮报》专访,2022-06-17
./202206/t20220616_10704293.shtml,外交部拉美司司长蔡伟出席中墨建交50周年——中墨福建菌草技术云端研讨会,2022-06-16
./202206/t20220615_10703786.shtml,外交部非洲司司长吴鹏同马拉维外交部常秘桑德共同举行务实合作协调会,2022-06-15
./202206/t20220615_10703511.shtml,外交部非洲司司长吴鹏同南非国际关系与合作部副部长德拉米尼举行会见,2022-06-15
./202206/t20220610_10701787.shtml,外交部亚洲司司长刘劲松会见印尼驻华大使周浩黎,2022-06-10
./202206/t20220610_10701645.shtml,外交部非洲司司长吴鹏同南非国际关系与合作部高级官员深入交流,2022-06-10
./202206/t20220610_10701428.shtml,外交部非洲司司长吴鹏会见南非副外长博特斯,2022-06-10
./202206/t20220610_10701299.shtml,中国政府欧亚事务特别代表李辉出席“新时代民主之路”国际研讨会,2022-06-10
./202206/t20220609_10701060.shtml,中国政府朝鲜半岛事务特别代表刘晓明同韩国外交部半岛和平交涉本部长金健通电话,2022-06-09
./202206/t20220609_10701048.shtml,外交部亚洲司司长刘劲松会见斯里兰卡驻华大使科霍纳,2022-06-09
./202206/t20220609_10700962.shtml,外交部非洲之角事务特使集体会见非洲之角地区国家驻华使节,2022-06-09
./202206/t20220609_10700778.shtml,外交部亚洲司司长刘劲松会见巴基斯坦驻华大使哈克,2022-06-09
./202206/t20220607_10699808.shtml,外交部礼宾司司长洪磊接受委内瑞拉新任驻华大使约夫雷达递交国书副本,2022-06-07
./202206/t20220607_10699720.shtml,中国政府中东问题特使翟隽视频会见巴勒斯坦等部分阿拉伯国家驻华使节,2022-06-07
./202206/t20220602_10697807.shtml,外交部亚洲司司长刘劲松会见孟加拉国驻华大使扎曼,2022-06-02
./202206/t20220601_10697506.shtml,外交部亚洲司司长刘劲松会见韩国驻华使馆公使姜相旭,2022-06-01
./202205/t20220531_10696697.shtml,中印举行边境事务磋商和协调工作机制第24次会议,2022-05-31
./202205/t20220530_10694480.shtml,外交部条法司司长贾桂德出席中国国际法学会2022年学术年会,2022-05-30
./202205/t20220527_10693794.shtml,中国政府欧亚事务特别代表李辉出席阿塞拜疆驻华使馆新馆启用仪式暨阿国庆日招待会,2022-05-27
./202205/t20220526_10693022.shtml,外交部亚洲司司长刘劲松会见老挝驻华大使坎葆,2022-05-26
./202205/t20220526_10692819.shtml,外交部条法司司长贾桂德同法国极地和海洋事务大使达尔沃尔举行视频磋商,2022-05-26
./202205/t20220525_10692427.shtml,中国政府中东问题特使翟隽会见以色列驻华大使潘绮瑞,2022-05-25
./202205/t20220524_10692107.shtml,外交部亚洲司负责人就日本涉华消极动向提出严正交涉,2022-05-24
./202205/t20220517_10687176.shtml,外交部亚洲司司长刘劲松出席东盟地区论坛建立信任措施与预防性外交会间辅助会议,2022-05-17
./202205/t20220517_10687147.shtml,外交部政策规划司司长苗得雨同古巴外交部政策规划司司长马钦举行外交政策视频磋商,2022-05-17
./202205/t20220512_10685189.shtml,外交部亚洲司司长刘劲松会见印度新任驻华大使罗国栋,2022-05-12
./202205/t20220512_10684987.shtml,外交部礼宾司司长洪磊接受哈萨克斯坦新任驻华大使努雷舍夫递交国书副本,2022-05-12
./202205/t20220511_10684498.shtml,外交部亚洲司司长刘劲松会见越南驻华大使范星梅,2022-05-11
./202205/t20220510_10684023.shtml,外交部亚洲司司长刘劲松会见老挝驻华大使坎葆,2022-05-10
./202205/t20220510_10683935.shtml,外交部非洲司司长吴鹏视频会见国际货币基金组织非洲部主任塞拉西,2022-05-10
./202205/t20220509_10683349.shtml,中国同澳大利亚就南太平洋事务交换意见,2022-05-09
./202205/t20220507_10683130.shtml,中国政府朝鲜半岛事务特别代表刘晓明访问韩国,2022-05-07
./202205/t20220506_10682585.shtml,外交部亚洲司司长刘劲松会见巴基斯坦驻华大使哈克,2022-05-06
./202205/t20220505_10681656.shtml,中国政府朝鲜半岛事务特别代表刘晓明与韩国外交部半岛和平交涉本部长鲁圭德举行会谈,2022-05-05
./202204/t20220429_10680747.shtml,中国政府朝鲜半岛事务特别代表刘晓明访问英国,2022-04-29
./202204/t20220427_10674630.shtml,中国政府朝鲜半岛事务特别代表刘晓明同英国外交部负责人就朝鲜半岛形势交换意见,2022-04-27
./202204/t20220427_10674518.shtml,外交部礼宾司司长洪磊接受也门新任驻华大使梅塔米递交国书副本,2022-04-27
./202204/t20220426_10673962.shtml,中国政府拉美事务特别代表邱小琪出席哥伦比亚驻华大使离任招待会,2022-04-26
./202204/t20220425_10673404.shtml,外交部阿富汗事务特使岳晓勇向部分驻华使馆（团）介绍王毅国务委员兼外长访问阿富汗和第三次阿邻国外长会系列会议情况,2022-04-25
./202204/t20220424_10673077.shtml,中国政府朝鲜半岛事务特别代表刘晓明访问欧盟总部,2022-04-24
./202204/t20220423_10672600.shtml,中方主持召开金砖国家反恐工作组第七次会议,2022-04-23
./202204/t20220420_10670498.shtml,外交部阿富汗事务特使岳晓勇向相关方通报第三次阿富汗邻国外长会系列会议情况,2022-04-20
./202204/t20220420_10670496.shtml,中国政府朝鲜半岛事务特别代表刘晓明访问德国,2022-04-20
./202204/t20220415_10668626.shtml,中国政府朝鲜半岛事务特别代表刘晓明访问瑞士,2022-04-15
./202204/t20220414_10667743.shtml,外交部非洲司司长吴鹏出席非洲区域基础设施项目建设特别对话会,2022-04-14
./202204/t20220413_10667558.shtml,中国政府朝鲜半岛事务特别代表刘晓明访问法国,2022-04-13
./202204/t20220413_10667405.shtml,外交部礼宾司司长洪磊接受基里巴斯新任驻华大使蒂阿博递交国书副本,2022-04-13
./202204/t20220409_10666144.shtml,中国政府朝鲜半岛事务特别代表刘晓明访问美国华盛顿,2022-04-09
./202204/t20220408_10665868.shtml,外交部非洲司司长吴鹏以视频致辞形式出席卢旺达大屠杀28周年纪念活动,2022-04-08
./202204/t20220406_10665076.shtml,中国政府朝鲜半岛事务特别代表刘晓明会见美国国务院对朝政策特别代表金圣,2022-04-06
./202204/t20220402_10664313.shtml,中国政府朝鲜半岛事务特别代表刘晓明访问纽约联合国总部,2022-04-02
./202204/t20220402_10663888.shtml,外交部欧洲司司长王鲁彤就第二十三次中国—欧盟领导人会晤向中外媒体吹风,2022-04-02
./202204/t20220402_10663710.shtml,外交部礼宾司司长洪磊接受美国新任驻华大使伯恩斯递交国书副本,2022-04-02
./202204/t20220402_10663575.shtml,外交部政策规划司司长苗得雨会见蒙古驻华大使巴德尔勒,2022-04-02
./202204/t20220401_10661703.shtml,中方主持召开阿富汗问题“中美俄＋”磋商机制会议,2022-04-01
./202203/t20220331_10658174.shtml,外交部美大司司长杨涛集体会见太平洋岛国驻华使节,2022-03-31
./202203/t20220331_10658160.shtml,外交部礼宾司司长洪磊接受刚果民主共和国新任驻华大使巴卢穆埃内递交国书副本,2022-03-31
./202203/t20220330_10657760.shtml,中国政府朝鲜半岛事务特别代表刘晓明会见联合国副秘书长迪卡洛,2022-03-30
./202203/t20220328_10656636.shtml,中国政府朝鲜半岛事务特别代表刘晓明会见俄罗斯副外长莫尔古洛夫,2022-03-28
./202203/t20220328_10656630.shtml,乌干达外交国务部长奥凯洛会见外交部非洲之角事务特使薛冰,2022-03-28
./202203/t20220328_10656624.shtml,外交部非洲之角事务特使薛冰访问南苏丹,2022-03-28
./202203/t20220328_10656596.shtml,中国政府朝鲜半岛事务特别代表刘晓明同韩国外交部半岛和平交涉本部长鲁圭德通电话,2022-03-28
./202203/t20220328_10656427.shtml,中国政府中东问题特使翟隽访问摩洛哥,2022-03-28
./202203/t20220327_10656181.shtml,俄罗斯外长拉夫罗夫会见中国政府朝鲜半岛事务特别代表刘晓明,2022-03-27
./202203/t20220324_10654986.shtml,苏丹主权委员会主席布尔汉会见翟隽特使,2022-03-24
./202203/t20220322_10654109.shtml,外交部非洲之角事务特使薛冰访问肯尼亚,2022-03-22
./202203/t20220322_10654036.shtml,中国政府中东问题特使翟隽访问埃及,2022-03-22
./202203/t20220321_10653736.shtml,外交部非洲之角特使薛冰会见肯尼亚常务副外长卡玛乌,2022-03-21
./202203/t20220321_10653666.shtml,阿拉伯国家联盟秘书长盖特会见中国政府中东问题特使翟隽,2022-03-21
./202203/t20220318_10653085.shtml,外交部拉美司司长蔡伟以视频致辞方式出席智利驻华大使离任酒会,2022-03-18
./202203/t20220318_10653065.shtml,外交部非洲之角事务特使薛冰访问索马里,2022-03-18
./202203/t20220318_10653004.shtml,外交部政策规划司司长苗得雨会见古巴驻华大使佩雷拉,2022-03-18
./202203/t20220318_10652940.shtml,外交部涉外安全事务专员程国平会见俄罗斯驻华大使杰尼索夫,2022-03-18
./202203/t20220318_10652943.shtml,中国政府中东问题特使翟隽访问约旦,2022-03-18
./202203/t20220317_10652717.shtml,吉布提总统盖莱会见外交部非洲之角事务特使薛冰,2022-03-17
./202203/t20220317_10652716.shtml,吉布提外长优素福会见外交部非洲之角事务特使薛冰,2022-03-17
./202203/t20220315_10651984.shtml,外交部美大司司长杨涛会见新西兰驻华大使傅恩莱,2022-03-15
./202203/t20220315_10651926.shtml,埃塞俄比亚副总理兼外长德梅克会见外交部非洲之角事务特使薛冰,2022-03-15
./202203/t20220315_10651747.shtml,中国政府中东问题特使翟隽访问沙特,2022-03-15
./202203/t20220315_10651748.shtml,中国政府拉美事务特别代表邱小琪出席“2022中国两会·合作与未来——中墨建交50周年”云论坛,2022-03-15
./202203/t20220314_10651567.shtml,厄立特里亚总统伊萨亚斯会见中国外交部非洲之角事务特使薛冰,2022-03-14
./202203/t20220314_10651505.shtml,巴勒斯坦总统阿巴斯会见中国政府中东问题特使翟隽,2022-03-14
./202203/t20220314_10651504.shtml,中国政府中东问题特使翟隽访问以色列,2022-03-14
./202203/t20220311_10651122.shtml,中国政府朝鲜半岛事务特别代表刘晓明同美国国务院对朝政策特别代表金圣通电话,2022-03-11
./202203/t20220328_10656764.shtml,外交部副部长马朝旭同俄罗斯副外长维尔什宁举行中俄副外长级多边事务磋商,2022-03-11
./202203/t20220311_10650874.shtml,外交部亚洲司司长刘劲松会见伊朗驻华大使克沙瓦尔兹扎德,2022-03-11
./202203/t20220308_10649821.shtml,外交部亚洲司司长刘劲松会见蒙古驻华大使巴德尔勒,2022-03-08
./202203/t20220308_10649661.shtml,外交部礼宾司司长洪磊接受乌兹别克斯坦新任驻华大使阿尔济耶夫递交国书副本,2022-03-08
./202203/t20220308_10649658.shtml,外交部亚洲司司长刘劲松会见朝鲜驻华使馆公使郑贤宇,2022-03-08
./202203/t20220302_10647289.shtml,外交部亚洲司司长刘劲松会见巴基斯坦驻华大使哈克,2022-03-02
./202203/t20220302_10647249.shtml,中国政府拉美事务特别代表邱小琪出席庆祝中阿（根廷）建交50周年新书发布会,2022-03-02
./202203/t20220301_10646827.shtml,外交部亚洲司司长刘劲松会见越南驻华大使范星梅,2022-03-01
./202202/t20220227_10645946.shtml,中国政府朝鲜半岛事务特别代表刘晓明同美国国务院对朝政策特别代表金圣通话,2022-02-27
./202202/t20220225_10645447.shtml,中德举行第四轮领事磋商,2022-02-25
./202202/t20220224_10645218.shtml,外交部阿富汗事务特使岳晓勇在阿富汗问题国际研讨会上的发言,2022-02-24
./202202/t20220224_10645063.shtml,中欧举行新一轮军控与防扩散视频磋商,2022-02-24
./202202/t20220223_10644889.shtml,外交部涉外安全事务专员程国平会见吉尔吉斯斯坦驻华大使巴克特古洛娃,2022-02-23
./202202/t20220218_10643486.shtml,中国政府朝鲜半岛事务特别代表刘晓明同韩国外交部半岛和平交涉本部长鲁圭德通电话,2022-02-18
./202202/t20220217_10643011.shtml,外交部军控司司长傅聪参加五核国团长视频会议,2022-02-17
./202202/t20220216_10642645.shtml,中国政府拉美事务特别代表邱小琪出席墨西哥驻华使馆庆祝中墨建交50周年招待会,2022-02-16
./202202/t20220215_10642335.shtml,中国政府朝鲜半岛事务特别代表刘晓明同俄罗斯副外长莫尔古洛夫通电话,2022-02-15
./202201/t20220129_10636755.shtml,外交部政策规划司司长苗得雨向香港特区政府高级公务员宣介习近平外交思想,2022-01-29
./202201/t20220128_10636001.shtml,外交部国际经济司司长李克新会见印尼驻华大使周浩黎,2022-01-28
./202201/t20220126_10633979.shtml,外交部亚洲司司长刘劲松同俄罗斯外交部亚太合作局局长奥夫钦尼科夫举行亚洲事务视频磋商,2022-01-26
./202201/t20220121_10631561.shtml,安理会五常外交部条法司长（法律顾问）举行国际法视频磋商,2022-01-21
./202201/t20220121_10631493.shtml,中国政府拉美事务特别代表邱小琪出席庆祝中墨建交50周年线上主题日,2022-01-21
./202201/t20220120_10631215.shtml,中国政府朝鲜半岛事务特别代表刘晓明同韩国外交部半岛和平交涉本部长鲁圭德通电话,2022-01-20
./202201/t20220120_10630781.shtml,外交部涉外安全事务司司长白天主持召开中俄外交部司局级反恐安全<br>视频磋商,2022-01-20
./202201/t20220118_10629942.shtml,外交部非洲司司长吴鹏出席中非合作论坛第八届部长级会议后续工作研讨会,2022-01-18
./202201/t20220113_10495233.shtml,中斯举行共建“一带一路”合作项目安全保障工作视频会议,2022-01-13
./202201/t20220113_10495230.shtml,外交部涉外安全事务专员程国平会见哈萨克斯坦驻华大使柯依舍巴耶夫,2022-01-13
./202201/t20220113_10492423.shtml,外交部非洲司司长吴鹏出席第二届“中国与国际发展”论坛开幕式,2022-01-13
./202201/t20220112_10481385.shtml,外交部礼宾司司长洪磊接受阿尔及利亚新任驻华大使拉贝希递交国书副本,2022-01-12
./202201/t20220104_10478631.shtml,外交部军控司司长傅聪就五核国领导人发表防止核战争联合声明举行中外媒体吹风会,2022-01-04
./202112/t20211231_10478037.shtml,外交部非洲司司长吴鹏出席“临甲7号沙龙”,2021-12-31
./202112/t20211231_10477882.shtml,外交部礼宾司司长洪磊接受马拉维新任驻华大使钦泰扎递交国书副本,2021-12-31
./202112/t20211231_10477886.shtml,中国－阿富汗人道援助和经济重建工作层联络机制首次会议召开,2021-12-31
./202112/t20211227_10476065.shtml,外交部涉外安全事务专员程国平同塔吉克斯坦国家安全委员会主席亚季莫夫举行视频会议,2021-12-27
./202112/t20211222_10474346.shtml,外交部亚洲司司长刘劲松向泰国、朝鲜驻华使馆宣介《“一国两制”下香港的民主发展》白皮书,2021-12-22
./202112/t20211222_10474138.shtml,外交部礼宾司司长洪磊接受特立尼达和多巴哥新任驻华大使刘娜递交国书副本,2021-12-22
./202112/t20211221_10473788.shtml,外交部亚洲司司长刘劲松出席中国—东盟中心成立十周年招待会,2021-12-21
./202112/t20211221_10473733.shtml,外交部涉外安全事务专员程国平同俄罗斯联邦安全会议副秘书韦涅季克托夫通电话,2021-12-21
./202112/t20211220_10472052.shtml,中日举行第十三轮海洋事务高级别磋商,2021-12-20
./202112/t20211220_10472042.shtml,中国政府朝鲜半岛事务特别代表刘晓明同俄罗斯副外长莫尔古洛夫通电话,2021-12-20
./202112/t20211217_10470935.shtml,外交部亚洲司司长刘劲松出席江苏一东盟交流周开幕式并致辞,2021-12-17
./202112/t20211214_10469543.shtml,外交部礼宾司司长洪磊接受科摩罗新任驻华大使毛拉纳递交国书副本,2021-12-14
./202112/t20211212_10467182.shtml,外交部政策规划司司长苗得雨视频出席第六届金砖国家外交政策规划对话会,2021-12-12
./202112/t20211209_10465882.shtml,外交部亚洲司司长刘劲松会见东帝汶驻华大使桑托斯,2021-12-09
./202112/t20211209_10464819.shtml,外交部亚洲司司长刘劲松会见印度离任驻华大使,2021-12-09
./202112/t20211208_10464175.shtml,外交部涉外安全事务专员程国平同阿联酋国际反暴力极端主义示范中心主席阿里举行视频会晤,2021-12-08
./202112/t20211208_10463988.shtml,外交部亚洲司司长刘劲松会见巴基斯坦驻华大使哈克,2021-12-08
./202112/t20211207_10463371.shtml,外交部亚洲司司长刘劲松引用亚洲国家谚语谈民主问题,2021-12-07
./202112/t20211206_10463130.shtml,外交部亚洲司司长刘劲松会见文莱驻华大使拉赫玛尼,2021-12-06
./202112/t20211206_10463058.shtml,中国政府拉美事务特别代表邱小琪出席“临甲7号沙龙”,2021-12-06
./202112/t20211206_10462984.shtml,外交部政策规划司司长苗得雨出席“习近平外交思想国际传播高端论坛”开幕式并致辞,2021-12-06
./202112/t20211206_10462836.shtml,中国政府中东问题特使翟隽出席第七届地中海对话论坛,2021-12-06
./202112/t20211205_10462533.shtml,外交部亚洲司司长刘劲松出席泰国国庆招待会,2021-12-05
./202112/t20211203_10461883.shtml,外交部政策规划司司长苗得雨同俄罗斯外交部<br>政策规划局负责人多罗比宁举行外交政策视频磋商,2021-12-03
./202112/t20211203_10461784.shtml,中国政府中东问题特使翟隽出席阿联酋国庆招待会,2021-12-03
./202112/t20211203_10461757.shtml,中国政府欧洲事务特别代表吴红波会见挪威外交部国务秘书图内,2021-12-03
./202111/t20211130_10459143.shtml,中国政府欧洲事务特别代表吴红波同冰岛外交部常秘埃约尔夫松举行会谈,2021-11-30
./202111/t20211130_10459100.shtml,外交部亚洲司司长刘劲松会见朝鲜驻华公使郑贤宇,2021-11-30
./202111/t20211129_10458311.shtml,中国政府欧洲事务特别代表吴红波会见欧盟对外行动署副秘书长莫拉,2021-11-29
./202111/t20211129_10458287.shtml,中国政府欧洲事务特别代表吴红波同比利时外交部代理秘书长甘齐举行政治磋商,2021-11-29
./202111/t20211129_10458224.shtml,中国外交部阿富汗事务特使岳晓勇在“全球智库大会”上的发言,2021-11-29
./202111/t20211126_10453992.shtml,中国政府拉美事务特别代表邱小琪出席第六届“智利周”开幕式,2021-11-26
./202111/t20211126_10453849.shtml,国新办举行《新时代的中非合作》白皮书​新闻发布会实录,2021-11-26
./202111/t20211126_10453678.shtml,卢森堡外交大臣阿瑟伯恩会见中国政府欧洲事务特别代表吴红波,2021-11-26
./202111/t20211125_10453177.shtml,外交部涉外安全事务专员程国平会见俄罗斯驻华大使杰尼索夫,2021-11-25
./202111/t20211125_10452856.shtml,外交部亚洲司司长刘劲松出席印度驻华大使离任招待会,2021-11-25
./202111/t20211123_10452037.shtml,荷兰外交大臣科纳彭会见中国政府欧洲事务特别代表吴红波,2021-11-23
./202111/t20211123_10451834.shtml,中国政府拉美事务特别代表邱小琪出席墨西哥独立战争胜利200周年暨驻华大使到任招待会,2021-11-23
./202111/t20211122_10451479.shtml,中老举行“一带一路”合作项目安全保障工作视频会议,2021-11-22
./202111/t20211119_10450524.shtml,外交部涉外安全事务专员程国平会见巴基斯坦驻华大使哈克,2021-11-19
./202111/t20211119_10450327.shtml,外交部欧洲司司长王鲁彤出席第五届中国－中东欧国家首都市长论坛并致辞,2021-11-19
./202111/t20211118_10449890.shtml,中印举行边境事务磋商和协调工作机制第23次会议,2021-11-18
./202111/t20211118_10449722.shtml,外交部亚洲司司长刘劲松向部分东盟国家驻华使节宣介十九届六中全会精神,2021-11-18
./202111/t20211118_10449715.shtml,中国政府非洲事务特别代表许镜湖出席环印度洋联盟第二十一届部长理事会会议,2021-11-18
./202111/t20211118_10449714.shtml,外交部条法司司长贾桂德同德国外交部法律顾问举行国际法视频磋商,2021-11-18
./202111/t20211115_10448366.shtml,中国政府中东问题特使翟隽出席2021锡尔巴尼亚斯论坛,2021-11-15
./202111/t20211111_10447038.shtml,外交部亚洲司司长刘劲松会见蒙古驻华大使巴德尔勒,2021-11-11
./202111/t20211111_10447030.shtml,中国与东盟国家举行落实《南海各方行为宣言》第34次联合工作组会,2021-11-11
./202111/t20211110_10446633.shtml,中日举行海洋事务高级别磋商团长会谈,2021-11-10
./202111/t20211110_10446612.shtml,外交部涉外安全事务专员程国平会见俄罗斯驻华大使杰尼索夫,2021-11-10
./202111/t20211110_10446595.shtml,中国同以色列举行多边事务磋商,2021-11-10
./202111/t20211110_10446504.shtml,外交部领事司司长崔爱民会见缅甸驻华大使苗丹佩,2021-11-10
./202111/t20211104_10442892.shtml,中国政府中东问题特使翟隽同苏丹外交事务负责人萨迪克通电话,2021-11-04
./202111/t20211103_10440909.shtml,外交部礼宾司司长洪磊接受巴林新任驻华大使谢胡递交国书副本,2021-11-03
./202111/t20211102_10438824.shtml,中国政府朝鲜半岛事务特别代表刘晓明与韩国外交部半岛和平交涉本部长鲁圭德视频会晤,2021-11-02
./202110/t20211029_10403722.shtml,外交部礼宾司司长洪磊接受加纳新任驻华大使哈蒙德递交国书副本,2021-10-29
./202110/t20211026_10074148.shtml,中国政府欧洲事务特别代表吴红波出席奥地利国庆招待会,2021-10-26
