href,title,date
https://www.state.gov/translations/chinese/20241007-anniversary-of-october-7th-attack-chinese/,10月7日袭击事件周年纪念日,"October 7, 2024"
https://www.state.gov/translations/chinese/20241007-statement-from-president-joe-biden-marking-one-year-since-the-october-7th-attack-chinese/,拜登总统在10月7日袭击事件一周年发表声明,2024年10月07日
https://www.state.gov/translations/chinese/g7-leaders-statement-on-recent-developments-in-the-middle-east-zh/,七国集团领导人关于中东局势近期发展的声明,2024年10月03日
https://www.state.gov/translations/chinese/peoples-republic-of-china-national-day-2-zh/,中华人民共和国国庆日,2024年10月02日
https://www.state.gov/translations/chinese/20240930-united-states-announces-nearly-2-1-billion-in-humanitarian-assistance-at-the-79th-un-general-assembly-chinese-zh/,美国在第79届联合国大会上宣布提供近21亿美元的人道主义援助,2024年9月30日
https://www.state.gov/translations/chinese/20240930-g7-foreign-ministers-statement-on-ukraine-chinese/,七国集团外长关于乌克兰的声明,2024年9月30日
https://www.state.gov/translations/chinese/20240930-secretary-antony-j.-blinken-at-the-opening-of-the-d-isis-ministerial-chinese,布林肯国务卿在打击伊斯兰国组织部长级会议开幕式上的讲话,2024年9月30日
https://www.state.gov/translations/chinese/secretary-antony-j-blinken-at-a-press-availability-52-zh/,布林肯国务卿在纽约举行的新闻记者会上发表讲话,2024年9月27日
https://www.state.gov/translations/chinese/20240927-secretary-blinkens-meeting-with-peoples-republic-of-china-prc-director-of-the-ccp-central-foreign-affairs-commission-and-foreign-minister-wang-yi-zh/,布林肯国务卿与中华人民共和国中共中央外事工作委员会办公室主任兼外交部长王毅会晤,2024年9月27日
https://www.state.gov/translations/chinese/united-states-announces-new-support-for-protection-of-ukrainian-cultural-heritage-zh/,美国宣布为保护乌克兰文化遗产提供新的援助,2024年9月26日
https://www.state.gov/translations/chinese/20241007-anniversary-of-october-7th-attack-chinese/,10月7日袭击事件周年纪念日,"October 7, 2024"
https://www.state.gov/translations/chinese/20241007-statement-from-president-joe-biden-marking-one-year-since-the-october-7th-attack-chinese/,拜登总统在10月7日袭击事件一周年发表声明,2024年10月07日
https://www.state.gov/translations/chinese/g7-leaders-statement-on-recent-developments-in-the-middle-east-zh/,七国集团领导人关于中东局势近期发展的声明,2024年10月03日
https://www.state.gov/translations/chinese/peoples-republic-of-china-national-day-2-zh/,中华人民共和国国庆日,2024年10月02日
https://www.state.gov/translations/chinese/20240930-united-states-announces-nearly-2-1-billion-in-humanitarian-assistance-at-the-79th-un-general-assembly-chinese-zh/,美国在第79届联合国大会上宣布提供近21亿美元的人道主义援助,2024年9月30日
https://www.state.gov/translations/chinese/20240930-g7-foreign-ministers-statement-on-ukraine-chinese/,七国集团外长关于乌克兰的声明,2024年9月30日
https://www.state.gov/translations/chinese/20240930-secretary-antony-j.-blinken-at-the-opening-of-the-d-isis-ministerial-chinese,布林肯国务卿在打击伊斯兰国组织部长级会议开幕式上的讲话,2024年9月30日
https://www.state.gov/translations/chinese/secretary-antony-j-blinken-at-a-press-availability-52-zh/,布林肯国务卿在纽约举行的新闻记者会上发表讲话,2024年9月27日
https://www.state.gov/translations/chinese/20240927-secretary-blinkens-meeting-with-peoples-republic-of-china-prc-director-of-the-ccp-central-foreign-affairs-commission-and-foreign-minister-wang-yi-zh/,布林肯国务卿与中华人民共和国中共中央外事工作委员会办公室主任兼外交部长王毅会晤,2024年9月27日
https://www.state.gov/translations/chinese/united-states-announces-new-support-for-protection-of-ukrainian-cultural-heritage-zh/,美国宣布为保护乌克兰文化遗产提供新的援助,2024年9月26日
https://www.state.gov/translations/chinese/joint-statement-on-the-situation-in-venezuela-zh/,关于委内瑞拉局势的联合声明,2024年9月26日
https://www.state.gov/translations/chinese/statement-from-president-joe-biden-on-u-s-support-for-ukraine-zh/,拜登总统关于美国支持乌克兰的声明,2024年9月26日
https://www.state.gov/translations/chinese/united-states-announces-significant-new-military-assistance-for-ukraine-11-zh/,美国宣布向乌克兰提供新的重大军事援助,2024年9月25日
https://www.state.gov/translations/chinese/joint-statement-by-the-united-states-australia-canada-european-union-france-germany-italy-japan-saudi-arabia-united-arab-emirates-qatar-zh/,美国、澳大利亚、加拿大、欧盟、法国、德国、意大利、日本、沙特阿拉伯、阿拉伯联合酋长国、英国和卡塔尔发表联合声明,2024年9月25日
https://www.state.gov/translations/chinese/remarks-by-president-biden-before-the-79th-session-of-the-united-nations-general-assembly-new-york-ny-zh/,拜登总统在第79届联合国大会上的讲话,2024年9月24日
https://www.state.gov/translations/chinese/fact-sheet-protecting-america-from-connected-vehicle-technology-from-countries-of-concern-zh/,简报：保护美国免受相关国家的网联汽车技术的影响,2024年9月23日
https://www.state.gov/translations/chinese/secretary-antony-j-blinken-at-the-freedom-online-coalition-ministerial-event-on-ai-for-humanity-charting-the-global-course-for-human-rights-based-governance-zh/,布林肯国务卿在以“人工智能为人类：制定以人权为本的全球治理路线”为题的自由在线联盟部长级活动上发表讲话,2024年9月23日
https://www.state.gov/translations/chinese/the-wilmington-declaration-joint-statement-from-the-leaders-of-australia-india-japan-and-the-united-states-zh/,澳大利亚、印度、日本和美国领导人发表《威尔明顿宣言联合声明》（摘译）,2024年9月21日
https://www.state.gov/translations/chinese/fact-sheet-quad-countries-launch-cancer-moonshot-initiative-zh/,简报：四方伙伴发起癌症登月倡议，减轻印太地区的癌症负担,2024年9月21日
https://www.state.gov/translations/chinese/fact-sheet-2024-quad-leaders-summit-zh/,简报：2024年四方伙伴关系领导人峰会,2024年9月21日
https://www.state.gov/translations/chinese/20240919-secretary-antony-j-blinken-zh/,美国国务卿安东尼 ·布林肯与法国外长斯特凡纳 ·塞茹尔内（StéphaneSéjourné）会晤后对记者发表讲话,2024年9月19日
https://www.state.gov/translations/chinese/20240916-joint-statement-two-years-after-mahsa-zhina-aminis-death-chinese/,关于玛莎 ·芝娜 ·阿米尼遇害两周年的联合声明,2024年9月16日
https://www.state.gov/translations/chinese/20240914-g7-foreign-ministers-statement-condemning-irans-export-and-russias-procurement-of-iranian-ballistic-missiles-chinese/,七国集团外长谴责伊朗出口和俄罗斯采购伊朗弹道导弹的声明,2024年9月14日
https://www.state.gov/translations/chinese/20240913-secretary-antony-j-blinken-remarks-to-the-press-29-zh/,布林肯国务卿对新闻媒体发表讲话,2024年9月13日
https://www.state.gov/translations/chinese/0912-imposing-sanctions-on-human-traffickers-and-online-investment-scam-operations-in-cambodia-chinese/,制裁柬埔寨人口贩运分子和网上投资诈骗活动,2024年9月12日
https://www.state.gov/translations/chinese/20240912-united-states-continues-to-impose-sanctions-on-suppliers-to-pakistans-ballistic-missile-program-zh/,美国继续对巴基斯坦弹道导弹项目供应商实施制裁,2024年9月12日
https://www.state.gov/translations/chinese/20240912-secretary-antony-j-blinken-and-polish-foreign-minister-radoslaw-sikorski-at-a-joint-press-availability-zh,美国国务卿布林肯与波兰外长西科尔斯基联合举行记者会,2024年9月12日
https://www.state.gov/translations/chinese/20240912-united-states-announces-additional-energy-humanitarian-and-demining-assistance-for-ukraine-chinese/,美国宣布向乌克兰提供更多能源、人道主义和排雷援助,2024年9月11日
https://www.state.gov/translations/chinese/20240912-joint-press-release-on-the-u-s-eu-dialogue-on-china-and-indo-pacific-consultations-chinese/,美国与欧盟关于就中国对话和印太磋商的联合声明,2024年9月11日
https://www.state.gov/translations/chinese/20240911-secretary-antony-j-blinken-and-ukrainian-foreign-minister-andrii-sybiha-and-united-kingdom-foreign-secretary-david-lammy-at-a-joint-press-availability-chinese/,美国国务卿布林肯、乌克兰外交部长西比加和英国外交大臣拉米联合举行记者会,2024年9月11日
https://www.state.gov/translations/chinese/20240911-secretary-antony-j-blinken-at-4th-crimea-platform-chinese/,布林肯国务卿在第四届“克里米亚平台”会议上发表讲话,2024年9月11日
https://www.state.gov/translations/chinese/20240911-statement-from-president-joe-biden-on-the-anniversary-of-september-11-chinese/,拜登总统于9/11恐袭事件23周年发表声明,2024年9月11日
https://www.state.gov/translations/chinese/23rd-anniversary-of-the-september-11-2001-attacks-chinese/,布林肯国务卿在2001年9月11日恐怖主义袭击事件23周年发表声明,2024年9月11日
https://www.state.gov/translations/chinese/20240910-new-iran-and-russia-sanctions-designations-chinese/,简报：对伊朗和俄罗斯的新制裁,2024年9月10日
https://www.state.gov/translations/chinese/20240910-secretary-antony-j-blinken-and-united-kingdom-foreign-secretary-david-lammy-joint-press-availability-chinese/,美国国务卿安东尼·布林肯与英国外交大臣戴维·拉米联合举行记者会,2024年9月10日
https://www.state.gov/translations/chinese/20240909-readout-of-commander-u-s-indo-pacific-command-call-with-pla-southern-theater-commander-chinese/,美国印太司令部司令与中国人民解放军南部战区司令员的通话纪要,2024年9月09日
https://www.state.gov/translations/chinese/20240908-edmundo-gonzalez-urrutias-decision-to-leave-venezuela-chinese/,关于埃德蒙多 ·冈萨雷斯 ·乌鲁蒂亚离开委内瑞拉的决定,2024年9月08日
https://www.state.gov/translations/chinese/20240906-third-us-japan-rok-trilateral-diplomatic-working-group-meeting-on-dprk-cyber-activities-chinese/,关于朝鲜民主主义人民共和国网络活动的第三次美日韩三边外交工作组会议,2024年9月06日
https://www.state.gov/translations/chinese/20240906-united-states-announces-significant-new-military-assistance-for-ukraine-chinese/,美国宣布向乌克兰提供新一轮重大军事援助,2024年9月06日
https://www.state.gov/translations/chinese/20240906-fact-sheet_-hong-kong-business-advisory-chinese/,简报：香港工商咨询公告,2024年9月06日
https://www.state.gov/translations/chinese/20240905-secretary-antony-j-blinken-at-a-press-availability-chinese/,安东尼 ·布林肯国务卿在海地太子港对记者的讲话,2024年9月05日
https://www.state.gov/translations/chinese/20240904-u-s-department-of-state-takes-actions-to-counter-russian-influence-and-interference-in-u-s-elections-chinese/,美国国务院采取行动打击俄罗斯对美国选举施加影响及干涉,2024年9月04日
https://www.state.gov/translations/chinese/20240903-statement-from-president-joe-biden-on-russian-attack-on-poltava-ukraine-chinese/,乔·拜登总统关于俄罗斯袭击乌克兰波尔塔瓦（Poltava）的声明,2024年9月03日
https://www.state.gov/translations/chinese/20240903-condemning-the-arrest-warrant-for-edmundo-gonzalez-urrutia-chinese/,谴责委内瑞拉当局对埃德蒙多 ·冈萨雷斯 ·乌鲁蒂亚发出逮捕令,2024年9月03日
https://www.state.gov/translations/chinese/20240831-u-s-support-for-the-philippines-in-the-south-china-sea-chinese/,美国在南中国海支持菲律宾,2024年8月31日
https://www.state.gov/translations/chinese/20240830-international-day-of-the-victims-of-enforced-disappearances-chinese/,强迫失踪受害者国际日,2024年8月30日
https://www.state.gov/translations/chinese/20240830-second-anniversary-of-the-un-high-commissioner-for-human-rights-assessment-on-the-human-rights-situation-in-xinjiang-chinese/,联合国人权事务高级专员关于新疆人权状况的评估报告发布两周年,2024年8月30日
https://www.state.gov/translations/chinese/20240829-remarks-by-apnsa-jake-sullivan-in-press-conference-chinese/,美国总统国家安全事务助理杰克 ·沙利文在北京举行的记者会上发表讲话,2024年8月29日
https://www.state.gov/translations/chinese/20240829-readout-of-national-security-advisor-jake-sullivans-meeting-with-president-xi-jinping-of-the-peoples-republic-of-china-zh/,美国国家安全顾问杰克·沙利文与中华人民共和国主席习近平的会谈纪要,2024年8月29日
https://www.state.gov/translations/chinese/20240828-vision-for-adapted-crops-and-soils-expands-to-the-pacific-islands-region-chinese/,将“适应作物和土壤愿景”扩展到太平洋诸岛,2024年8月28日
https://www.state.gov/translations/chinese/20240828-readout-of-national-security-advisor-jake-sullivans-meeting-with-wang-yi-chinese/,美国国家安全顾问杰克 ·沙利文会见中共中央政治局委员、外事工作委员会办公室主任兼外交部长王毅,2024年8月28日
https://www.state.gov/translations/chinese/20240827-joint-statement-by-the-united-states-and-japan-on-the-safe-removal-of-oil-chinese/,美国和日本关于安全清除密克罗尼西亚联邦楚克泻湖石油的联合声明,2024年8月27日
https://www.state.gov/translations/chinese/20240826-statement-from-president-biden-on-russias-aerial-assault-on-ukraines-energy-grid-chinese/,拜登总统关于俄罗斯空袭乌克兰电网的声明,2024年8月26日
https://www.state.gov/translations/chinese/20240827-us-announces-more-than-64-million-in-additional-humanitarian-assistance-in-sub-saharan-africa-chinese/,美国宣布向撒哈拉以南非洲追加提供6400多万美元人道主义援助,2024年8月26日
https://www.state.gov/translations/chinese/20240824-remembering-the-rohingya-genocide-chinese/,不忘罗兴亚种族灭绝,2024年8月24日
https://www.state.gov/translations/chinese/20240823-new-measures-to-degrade-russias-international-supply-chains-and-wartime-economy-chinese/,削弱俄罗斯国际供应链和战时经济的新措施,2024年8月23日
https://www.state.gov/translations/chinese/20240823-united-states-announces-significant-new-military-assistance-for-ukraine-chinese/,美国宣布再次向乌克兰提供重大军事援助,2024年8月23日
https://www.state.gov/translations/chinese/20240823-on-the-ruling-of-venezuelas-supreme-tribunal-of-justice-chinese/,关于委内瑞拉最高法院的裁决,2024年8月23日
https://www.state.gov/translations/chinese/20240823-statement-by-nsc-spokesperson-sean-savett-on-national-security-advisor-jake-sullivans-trip-to-beijing-china-zh/,国家安全事务委员会发言人肖恩·萨维特宣布国家安全顾问杰克·沙利文将访问中国北京,2024年8月23日
https://www.state.gov/translations/chinese/20240821-secretary-blinkens-call-with-qatari-amir-sheikh-tamim-bin-hamad-al-thani-chinese/,布林肯国务卿与卡塔尔埃米尔塔米姆的通话纪要,2024年8月21日
https://www.state.gov/translations/chinese/20240821-zeyas-travel-to-new-york-to-meet-with-his-holiness-the-xiv-dalai-lama-chinese/,副国务卿泽亚在纽约会见第十四世达赖喇嘛尊者,2024年8月21日
https://www.state.gov/translations/chinese/20240821-on-the-occasion-of-world-humanitarian-day-chinese/,纪念世界人道主义日,2024年8月21日
https://www.state.gov/translations/chinese/20240820-secretary-antony-j-blinken-remarks-to-the-press-28-zh/,布林肯国务卿在卡塔尔首都多哈对新闻媒体发表讲话,2024年8月20日
https://www.state.gov/translations/chinese/20240819-secretary-antony-j-blinken-remarks-to-the-press-chinese/,布林肯国务卿在以色列特拉维夫对新闻媒体发表讲话,"August 19, 2024"
https://www.state.gov/translations/chinese/20240816-secretary-blinkens-travel-to-israel-zh/,布林肯国务卿前往以色列,2024年8月16日
https://www.state.gov/translations/chinese/20240813-us-stands-firmly-against-ben-gvirs-visit-to-the-haram-al-sharif-chinese/,美国坚决反对班吉维尔访问尊贵禁地/圣殿山,"August 13, 2024"
https://www.state.gov/translations/chinese/20240812-observance-of-international-youth-day-chinese/,纪念国际青年日,"August 12, 2024"
https://www.state.gov/translations/chinese/20240809-united-states-announces-significant-new-military-assistance-for-ukraine-chinese/,美国宣布向乌克兰提供新的重大军事援助,"August 9, 2024"
https://www.state.gov/translations/chinese/20240808-us-announces-nearly-536-million-in-additional-humanitarian-assistance-for-sub-saharan-africa-chinese/,美国宣布向撒哈拉以南非洲地区追加提供近5.36亿美元人道主义援助,"August 8, 2024"
https://www.state.gov/translations/chinese/20240806-joint-statement-on-australia-u-s-ministerial-consultations-ausmin-2024-chinese/,2024年澳大利亚-美国部长级磋商会议联合声明[摘译],"August 6, 2024"
https://www.state.gov/translations/chinese/20240806-statement-from-nsc-spokesperson-sean-savett-on-the-prcs-announcement-of-fentanyl-scheduling-actions-chinese/,美国国家安全事务委员会发言人就中华人民共和国宣布对芬太尼采取列管措施发表声明,"August 6, 2024"
https://www.state.gov/translations/chinese/g7-foreign-ministers-statement-on-the-situation-in-the-middle-east-zh/,七国集团外长关于中东局势的声明,2024年8月05日
https://www.state.gov/translations/chinese/20240801-assessing-the-results-of-venezuelas-presidential-election-chinese/,关于委内瑞拉总统选举结果的声明,"August 1, 2024"
https://www.state.gov/translations/chinese/remarks-by-president-biden-on-freeing-americans-detained-in-russia-zh/,拜登总统就在俄罗斯遭到关押的美国人获释发表讲话,"August 1, 2024"
https://www.state.gov/translations/chinese/statement-by-president-joe-biden-on-securing-the-release-of-americans-detained-in-russia-zh/,拜登总统关于成功地使在俄罗斯被关押的美国人获释的声明,"August 1, 2024"
https://www.state.gov/translations/chinese/20240801-release-of-wrongfully-detained-americans-and-russian-political-prisoners-chinese/,关于被非法关押的美国人和俄罗斯政治犯获释的声明,"August 1, 2024"
https://www.state.gov/translations/chinese/secretary-antony-j-blinken-and-mongolian-foreign-minister-battsetseg-batmunkh-at-a-joint-press-availability-zh/,美国国务卿布林肯和蒙古外交部长巴特策策格联合举行记者会（摘译）,"August 1, 2024"
https://www.state.gov/translations/chinese/secretary-antony-j-blinken-at-a-conversation-zh/,美国国务卿布林肯在“增进印太地区的安全与繁荣对话会”上的讲话（摘译）,"July 31, 2024"
https://www.state.gov/translations/chinese/20240730-blinken-austin-philippine-secretary-of-foreign-affairs-and-national-defense-at-a-joint-press-availability-chinese/,美国国务卿布林肯和国防部长奥斯汀以及菲律宾外交部长马纳洛和国防部长特奥多罗联合举行记者会（摘译）,"July 30, 2024"
https://www.state.gov/translations/chinese/20240729-secretary-blinken-and-australian-foreign-minister-indian-external-affairs-minister-and-japanese-foreign-minister-remarks-to-the-press-chinese/,美国国务卿安东尼 ·布林肯与澳大利亚外交部长黄英贤、印度外交部长苏杰生和日本外务大臣上川阳子对新闻媒体发表讲话（摘译）,"July 29, 2024"
https://www.state.gov/translations/chinese/20240728-secretary-antony-j-blinken-secretary-of-defense-lloyd-j-austin-iii-japanese-foreign-minister-kamikawa-yoko-and-japanese-defense-minister-kihara-minoru-at-a-joint-press-availability-chin/,美国国务卿布林肯、美国国防部长奥斯汀、日本外务大臣上川阳子和日本防卫大臣木原稔在联合新闻发布会上发表讲话（摘译）,"July 28, 2024"
https://www.state.gov/translations/chinese/20240727-secretary-antony-j-blinken-at-the-asean-post-ministerial-conference-with-the-united-states-chinese/,安东尼 ·布林肯国务卿在东盟与美国部长级会议后续会议上的讲话（摘译）,"July 27, 2024"
https://www.state.gov/translations/chinese/the-united-states-asean-relationship-zh/,简报：美国与东盟的关系,"July 26, 2024"
https://www.state.gov/translations/chinese/thirty-fourth-anniversary-of-the-americans-with-disabilities-act-zh/,《美国残疾人法》颁布三十四周年,"July 26, 2024"
https://www.state.gov/translations/chinese/national-day-of-remembrance-of-the-80th-anniversary-of-d-day-zh/,诺曼底登陆80周年全国纪念日,2024年6月05日
https://www.state.gov/translations/chinese/secretary-blinkens-travel-to-vietnam-laos-japan-the-philippines-singapore-and-mongolia-zh/,布林肯国务卿于2024年7月24日至8月3日访问越南、老挝、日本、菲律宾、新加坡和蒙古,2024年7月22日
https://www.state.gov/translations/chinese/remarks-by-apnsa-jake-sullivan-in-fireside-chat-at-the-aspen-security-forum-zh/,美国国家安全顾问杰克·沙利文在阿斯彭安全论坛炉边谈话中的讲话摘译,2024年7月19日
https://www.state.gov/translations/chinese/20240714-remarks-by-president-biden-in-address-to-the-nation-chinese/,拜登总统7月14日对全国发表的讲话,"July 14, 2024"
https://www.state.gov/translations/chinese/20240712-statement-from-president-joe-biden-on-s-138/,乔·拜登总统关于参议院第 138 号法案(《推动解决西藏-中国争端法案》)的声明,"July 12, 2024"
https://www.state.gov/translations/chinese/20240711-readout-of-president-bidens-meeting-with-natos-indo-pacific-partners-chinese-zh/,拜登总统与北约在印太地区的伙伴会晤,"July 11, 2024"
https://www.state.gov/translations/chinese/blinken-at-the-2024-nato-public-forum-chinese-zh/,安东尼·布林肯国务卿在2024年北约公共论坛上发表讲话（摘译）,"July 10, 2024"
https://www.state.gov/translations/chinese/remarks-by-president-biden-on-the-75th-anniversary-of-the-north-atlantic-treaty-organization-alliance-zh/,拜登总统就北大西洋公约组织成立75周年发表讲话,2024年7月09日
https://www.state.gov/translations/chinese/secretary-antony-j-blinken-and-nato-secretary-general-jens-stoltenberg-meeting-zh/,安东尼 ·布林肯国务卿与北约秘书长延斯 ·斯托尔滕贝格在会晤前的讲话（摘译）,"July 9, 2024"
https://www.state.gov/translations/chinese/secretary-antony-j-blinken-and-ukrainian-foreign-minister-dmytro-kuleba-before-their-meeting-zh/,布林肯国务卿和乌克兰外交部长德米特罗·库列巴在会谈前的讲话,"July 9, 2024"
https://www.state.gov/translations/chinese/secretary-antony-j-blinken-at-the-nato-women-zh/,安东尼 ·布林肯国务卿在北约组织妇女、和平与安全招待会上发表讲话（摘译）,"July 9, 2024"
https://www.state.gov/translations/chinese/deputy-secretary-campbells-call-with-peoples-republic-of-china-executive-vice-foreign-minister-ma-zhaoxu-2-zh/,美国常务副国务卿坎贝尔与中华人民共和国外交部常务副部长马朝旭通话,2024年6月27日
https://www.state.gov/translations/chinese/secretary-antony-j-blinken-at-the-2024-pride-month-zh/,布林肯国务卿在2024年骄傲月会议上阐述美国外交政策：国家安全、包容性发展和LGBTQI+人士的人权,2024年6月27日
https://www.state.gov/translations/chinese/secretary-antony-j-blinken-2023-international-religious-freedom-report-rollout-zh/,安东尼 ·布林肯国务卿在2023年国际宗教自由报告发布会上的讲话,2024年6月26日
https://www.state.gov/translations/chinese/secretary-antony-j-blinken-at-the-release-of-the-2024-trafficking-in-persons-report-zh/,安东尼 ·布林肯国务卿在《2024年人口贩运问题报告》发布会上的讲话,2024年6月24日
https://www.state.gov/translations/chinese/joint-statement-by-senior-officials-of-the-united-states-the-republic-of-korea-rok-and-japan-zh/,美国、韩国和日本高级官员关于朝俄合作的联合声明,2024年6月23日
https://www.state.gov/translations/chinese/presidential-actions/2024/06/18/a-proclamation-on-juneteenth-day-of-observance-2024-zh/,关于2024年六月节纪念日的总统公告,2024年6月18日
https://www.state.gov/translations/chinese/secretary-antony-j-blinken-and-nato-secretary-general-jens-stoltenberg-at-a-joint-press-availability-4-zh/,美国国务卿安东尼·布林肯与北约秘书长延斯·斯托尔滕贝格联合举行记者会,2024年6月18日
https://www.state.gov/translations/chinese/u-s-support-for-the-philippines-in-the-south-china-sea-10-zh/,美国就南中国海发生的事件对菲律宾表示支持,2024年6月17日
https://www.state.gov/translations/chinese/on-the-sentencing-of-womens-rights-activist-huang-xueqin-and-labor-rights-activist-wang-jianbing-zh/,关于女权活动人士黄雪琴和劳工权利活动人士王建兵被判刑的声明,2024年6月17日
https://www.state.gov/translations/chinese/2024/06/14/g7-leaders-statement-8-zh/,七国集团领导人普利亚公报,2024年6月14日
https://www.state.gov/translations/chinese/u-s-ukraine-bilateral-security-agreement-zh/,美国-乌克兰双边安全协议,2024年6月13日
https://www.state.gov/translations/chinese/world-day-against-child-labor-4-zh/,世界无童工日,2024年6月13日
https://www.state.gov/translations/chinese/secretary-antony-j-blinken-and-qatari-prime-minister-and-minister-of-foreign-affairs-mohammed-bin-abdulrahman-al-thani-at-a-joint-press-availability-3-zh/,美国国务卿安东尼·布林肯在与卡塔尔首相兼外交大臣联合举行的记者会上发表讲话,2024年6月12日
https://www.state.gov/translations/chinese/secretary-antony-j-blinken-at-the-call-for-action-urgent-humanitarian-response-for-gaza-conference-zh/,安东尼 · 布林肯国务卿在“行动号召：紧急为加沙提供人道主义援助”会议上的讲话,2024年6月11日
https://www.state.gov/translations/chinese/united-states-announces-additional-humanitarian-assistance-to-palestinian-civilians-in-gaza-and-the-region-zh/,美国宣布向加沙及该地区的巴勒斯坦平民提供更多人道主义援助,2024年6月11日
https://www.state.gov/translations/chinese/secretary-antony-j-blinken-remarks-to-the-press-zh/,安东尼·布林肯国务卿在以色列特拉维夫对新闻媒体发表讲话,2024年6月11日
https://www.state.gov/translations/chinese/secretary-antony-j-blinkens-remarks-to-the-press-zh/,安东尼 ·布林肯国务卿在埃及开罗举行的记者会上发表讲话,2024年6月10日
https://www.state.gov/translations/chinese/united-states-announces-significant-new-military-assistance-for-ukraine-zh-2/,美国宣布向乌克兰提供大量新军事援助,2024年6月07日
https://www.state.gov/translations/chinese/remarks-by-president-biden-commemorating-the-80th-anniversary-of-d-day-collevile-sur-mer-france-zh/,拜登总统纪念诺曼底登陆 80 周年的讲话,2024年6月06日
https://www.state.gov/translations/chinese/joint-statement-from-the-leaders-of-the-united-states-argentina-austria-brazil-bulgaria-canada-colombia-denmark-france-germany-poland-portugal-romania-serbia-spain-thailand-and-the-uni/,美国、阿根廷、奥地利、巴西、保加利亚、加拿大、哥伦比亚、丹麦、法国、德国、波兰、葡萄牙、罗马尼亚、塞尔维亚、西班牙、泰国和英国领导人关于加沙问题的联合声明,2024年6月06日
https://www.state.gov/translations/chinese/commemorating-the-80th-anniversary-of-d-day-zh/,美国国务卿安东尼 ·布林肯关于纪念诺曼底登陆80周年的声明,2024年6月06日
https://www.state.gov/translations/chinese/fact-sheet-president-biden-announces-new-actions-to-secure-the-border-zh/,简报：拜登总统宣布采取新行动确保边境安全,2024年6月04日
https://www.state.gov/translations/chinese/on-the-35th-anniversary-of-tiananmen-square-zh/,“天安门”35周年纪念日,2024年6月04日
https://www.state.gov/translations/chinese/g7-leaders-statement-on-gaza-zh/,七国集团领导人关于加沙问题的声明,2024年6月03日
https://www.state.gov/translations/chinese/commemorating-lgbtqi-pride-month-zh/,纪念LGBTQI+骄傲月,2024年6月01日
https://www.state.gov/translations/chinese/a-proclamation-on-black-music-month-2024-zh/,关于2024年黑人音乐月的总统公告,2024年5月31日
https://www.state.gov/translations/chinese/a-proclamation-on-national-caribbean-american-heritage-month-2024-zh/,关于2024年全国加勒比裔美国人传统月的总统公告,2024年5月31日
https://www.state.gov/translations/chinese/a-proclamation-on-national-immigrant-heritage-month-2024-zh/,关于2024年全国移民传统月的总统公告,2024年5月31日
https://www.state.gov/translations/chinese/a-proclamation-on-lesbian-gay-bisexual-transgender-queer-and-intersex-pride-month-2024-zh/,关于2024年男女同性恋、双性恋、跨性别者、酷儿和间性者骄傲月的总统公告,2024年5月31日
https://www.state.gov/translations/chinese/remarks-by-president-biden-on-the-middle-east-zh/,拜登总统关于中东局势的讲话,2024年5月31日
https://www.state.gov/translations/chinese/hong-kongs-national-security-law-trial-zh/,关于香港利用《国家安全法》进行的审判,2024年5月31日
https://www.state.gov/translations/chinese/deputy-secretary-campbells-meeting-with-prc-executive-vice-foreign-minister-ma-zhaoxu-zh/,坎贝尔常务副国务卿会见外交部常务副部长马朝旭,2024年5月31日
https://www.state.gov/translations/chinese/secretary-antony-j-blinken-at-a-solo-press-availability-zh/,安东尼 ·布林肯国务卿在单独举行的新闻发布会上的讲话,2024年5月31日
https://www.state.gov/translations/chinese/readout-of-secretary-of-defense-lloyd-j-austin-iiis-meeting-with-peoples-republic-of-china-prc-minister-of-national-defense-admiral-dong-jun-zh/,美国国防部长劳埃德·奥斯汀与中华人民共和国国防部长董军上将会谈纪要,2024年5月31日
https://www.state.gov/translations/chinese/on-the-dprks-recent-launches-using-ballistic-missile-technology-zh/,关于朝鲜民主主义人民共和国最近使用弹道导弹技术进行的发射活动,2024年5月30日
https://www.state.gov/translations/chinese/international-day-of-un-peacekeepers-zh/,联合国维持和平人员国际日,2024年5月29日
https://www.state.gov/translations/chinese/remarks-by-president-biden-in-commencement-address-to-the-united-states-military-academy-at-west-point-zh/,拜登总统在美国西点军事学院毕业典礼上的讲话,2024年5月25日
https://www.state.gov/translations/chinese/on-the-occasion-of-vesak-day-zh/,庆祝卫塞节,2024年5月23日
https://www.state.gov/translations/chinese/on-the-death-of-iranian-president-raisi-and-others-in-a-helicopter-crash-zh/,关于伊朗总统莱西等人直升机失事遇难的声明,2024年5月20日
https://www.state.gov/translations/chinese/warrant-applications-by-the-international-criminal-court-zh/,国际刑事法院的逮捕令申请,2024年5月20日
https://www.state.gov/translations/chinese/taiwans-presidential-inauguration-zh/,台湾总统就职典礼,2024年5月19日
https://www.state.gov/translations/chinese/on-the-international-day-against-homophobia-biphobia-interphobia-and-transphobia-zh/,关于反对仇视同性恋、双性恋、间性恋与变性者国际日,2024年5月17日
https://www.state.gov/translations/chinese/marking-29-years-since-the-panchen-lamas-disappearance-zh/,纪念班禅喇嘛失踪29周年,2024年5月17日
https://www.state.gov/translations/chinese/secretary-antony-j-blinken-and-ukrainian-foreign-minister-dmytro-kuleba-at-a-joint-press-availability-zh/,布林肯国务卿和乌克兰外交部长德米特罗·库列巴举行联合新闻发布会,2024年5月15日
https://www.state.gov/translations/chinese/a-free-prosperous-and-secure-future-for-ukraine-zh/,乌克兰的自由、繁荣和安全的未来（全文）,2024年5月14日
https://www.state.gov/translations/chinese/a-free-prosperous-and-secure-future-for-ukraine-excerpts-zh/,乌克兰的自由、繁荣和安全的未来,2024年5月14日
https://www.state.gov/translations/chinese/mid-fiscal-year-2024-visa-milestones-support-u-s-economy-and-global-ties-zh/,2024财年签证发放量创纪录；助推美国经济和全球关系,2024年5月13日
https://www.state.gov/translations/chinese/secretary-blinkens-call-with-israeli-minister-gallant-zh/,布林肯国务卿与以色列防长加兰特通话,2024年5月12日
https://www.state.gov/translations/chinese/secretary-antony-j-blinken-at-the-world-food-prize-laureate-ceremony-zh/,安东尼·布林肯国务卿在“世界粮食奖”颁奖典礼上的讲话,2024年5月09日
https://www.state.gov/secretary-blinkens-call-with-jordanian-foreign-minister-safadi-zh/,布林肯国务卿与约旦外交大臣萨法迪通话,2024年5月07日
https://www.state.gov/translations/chinese/building-digital-solidarity-the-united-states-international-cyberspace-digital-policy-strategy-zh/,国务院发布《美国国际网络空间和数字政策战略》,2024年5月06日
https://www.state.gov/translations/chinese/technology-and-the-transformation-of-u-s-foreign-policy-zh/,布林肯国务卿发表演讲：科技与美国外交政策的转型（摘译）,2024年5月06日
https://www.state.gov/commemorating-the-days-of-holocaust-remembrance-zh/,关于大屠杀纪念日的声明,2024年5月05日
https://www.state.gov/statement-by-president-joe-biden-on-the-occasion-of-world-press-freedom-day-2024-zh/,乔·拜登总统2024年世界新闻自由日声明,2024年5月03日
https://www.state.gov/world-press-freedom-day-3-zh/,世界新闻自由日,2024年5月03日
https://www.state.gov/secretary-antony-j-blinken-at-a-press-availability-49-zh/,布林肯国务卿在以色列举行的新闻发布会上发表讲话,2024年5月01日
https://www.state.gov/secretary-antony-j-blinken-remarks-to-press-zh/,布林肯国务卿在约旦安曼对媒体发表讲话,2024年4月30日
https://www.state.gov/secretary-blinkens-meeting-with-saudi-foreign-minister-prince-faisal-bin-farhan-al-saud-zh/,布林肯国务卿会见沙特外交大臣费萨尔·本·法尔汉·阿勒沙特亲王,2024年4月29日
https://www.state.gov/secretary-antony-j-blinken-at-a-meeting-with-foreign-ministers-of-the-gulf-cooperation-council-member-states-zh/,国务卿安东尼·布林肯会见海湾阿拉伯国家合作委员会成员国外长,2024年4月29日
https://www.state.gov/a-proclamation-on-national-small-business-week-2024-zh/,拜登总统发布2024年全国小企业周公告,2024年4月26日
https://www.state.gov/translations/chinese/secretary-blinkens-meeting-with-peoples-republic-of-china-minister-of-public-security-wang-xiaohong-zh/,布林肯国务卿与中华人民共和国公安部部长王小洪会晤,2024年4月26日
https://www.state.gov/translations/chinese/secretary-blinkens-visit-to-the-peoples-republic-of-china-zh/,布林肯国务卿对中华人民共和国的访问,2024年4月26日
https://www.state.gov/translations/chinese/secretary-antony-j-blinken-at-a-press-availability-zh/,安东尼·布林肯国务卿在北京举行的记者会上发表讲话,2024年4月26日
https://www.state.gov/translations/chinese/secretary-blinkens-meeting-with-central-foreign-affairs-commission-and-foreign-minister-wang-yi-zh/,布林肯国务卿会见中华人民共和国中共中央外事工作委员会办公室主任兼外交部长王毅,2024年4月26日
https://www.state.gov/translations/chinese/secretary-antony-j-blinken-and-peoples-republic-of-china-minister-of-public-security-wang-xiaohong-before-their-meeting-zh/,安东尼·布林肯国务卿与中华人民共和国公安部部长王小洪会晤前的讲话,2024年4月26日
https://www.state.gov/translations/chinese/secretary-antony-j-blinken-and-peoples-republic-of-china-president-xi-jinping-before-their-meeting-2-zh/,安东尼·布林肯国务卿与中华人民共和国主席习近平会晤前的讲话,2024年4月26日
https://www.state.gov/translations/chinese/secretary-antony-j-blinken-at-a-discussion-with-business-leaders-zh/,安东尼·布林肯国务卿与商界领袖座谈时的讲话,2024年4月25日
https://www.state.gov/translations/chinese/statement-from-president-joe-biden-on-world-malaria-day-zh/,乔·拜登总统世界防治疟疾日声明,2024年4月25日
https://www.state.gov/translations/chinese/secretary-blinkens-meeting-with-shanghai-party-secretary-chen-jining-zh/,布林肯国务卿会见上海市委书记陈吉宁,2024年4月25日
https://www.state.gov/translations/chinese/statement-from-national-security-advisor-jake-sullivan-on-russias-veto-of-the-un-security-council-resolution-on-the-outer-space-treaty-zh/,国家安全顾问杰克·沙利文关于俄罗斯否决联合国安理会《外层空间条约》决议的声明,2024年4月24日
https://www.state.gov/translations/chinese/remarks-by-president-biden-on-the-passage-of-h-r-815-the-national-security-supplemental-zh/,拜登总统就《国家安全增补法案》（H.R. 815）通过发表讲话（摘译）,2024年4月24日
https://www.state.gov/translations/chinese/united-states-announces-significant-new-military-assistance-for-ukraine-zh/,美国宣布向乌克兰提供新的重大军事援助,2024年4月24日
https://www.state.gov/translations/chinese/senior-bureau-official-for-democracy-human-rights-and-labor-ambassador-robert-gilchrist-on-the-2023-country-reports-on-human-rights-practices-zh/,美国国务院民主、人权和劳工局代理局长罗伯特·吉尔克里斯特谈2023年《各国人权报告》,2024年4月22日
https://www.state.gov/translations/chinese/secretary-antony-j-blinken-on-the-2023-country-reports-on-human-rights-practices-zh/,安东尼·布林肯国务卿关于《2023年各国人权报告》的讲话,2024年4月22日
https://www.state.gov/translations/chinese/earth-day-2024-a-renewed-commitment-to-protect-our-planet-zh/,2024年地球日：重新承诺保护我们的星球,2024年4月22日
https://www.state.gov/translations/chinese/secretary-blinkens-trip-to-the-peoples-republic-of-china-zh/,布林肯国务卿访问中华人民共和国,2024年4月20日
https://www.state.gov/translations/chinese/g7-italy-2024-foreign-ministers-statement-on-steadfast-support-for-ukraine-zh/,七国集团外长2024年意大利会议关于坚定不移地支持乌克兰的声明,2024年4月19日
https://www.state.gov/translations/chinese/g7-italy-2024-foreign-ministers-statement-on-the-situation-in-the-middle-east-zh/,2024年七国集团外长于意大利就中东局势发表声明,2024年4月19日
https://www.state.gov/translations/chinese/secretary-antony-j-blinken-at-a-solo-press-availability-2-zh/,安东尼·布林肯国务卿在意大利卡普里岛举行的记者会上的讲话,2024年4月19日
https://www.state.gov/translations/chinese/statement-from-president-joe-biden-on-iran-sanctions-zh/,乔·拜登总统关于制裁伊朗的声明,2024年4月18日
https://www.state.gov/translations/chinese/ustr-initiates-section-301-investigation-chinas-targeting-maritime-logistics-and-shipbuilding-zh/,美国贸易代表办公室针对中国在海运、物流和造船业寻求支配地位启动 301 条款调查,2024年4月17日
https://www.state.gov/translations/chinese/statement-by-national-security-advisor-jake-sullivan-on-holding-iran-accountable-for-unprecedented-attack-on-israel-zh/,国家安全顾问杰克•沙利文关于追究伊朗对以色列发动空前袭击的责任的声明,2024年4月16日
https://www.state.gov/translations/chinese/united-states-provides-nearly-154-million-for-humanitarian-assistance-in-ethiopia-zh/,美国为在埃塞俄比亚开展的人道主义援助工作追加近 1.54 亿美元,2024年4月16日
https://www.state.gov/translations/chinese/secretary-antony-j-blinken-and-iraqi-deputy-prime-minister-muhammad-ali-tamim-co-chair-a-u-s-iraq-higher-coordinating-committee-meeting-zh/,安东尼·布林肯国务卿与伊拉克副总理穆罕默德·阿里·塔米姆共同主持美国-伊拉克高级协调委员会会议,2024年4月15日
https://www.state.gov/translations/chinese/%e7%be%8e%e5%9b%bd%e5%af%b9%e4%bc%8a%e6%9c%97%e8%a2%ad%e5%87%bb%e4%bb%a5%e8%89%b2%e5%88%97%e7%9a%84%e5%9b%9e%e5%ba%94/,美国对伊朗袭击以色列的回应,2024年4月14日
https://www.state.gov/translations/chinese/joint-vision-statement-from-the-leaders-of-japan-the-philippines-and-the-united-states-zh/,日本、菲律宾和美国领导人联合愿景声明,2024年4月11日
https://www.state.gov/translations/chinese/united-states-japan-joint-leaders-statement-zh/,美国-日本领导人联合声明,2024年4月10日
https://www.state.gov/translations/chinese/remarks-by-president-biden-and-prime-minister-kishida-fumio-of-japan-in-joint-press-conference-zh/,拜登总统和日本首相岸田文雄在联合新闻发布会上的讲话,2024年4月10日
https://www.state.gov/translations/chinese/on-the-occasion-of-eid-al-fitr-3-zh/,开斋节致辞,2024年4月09日
https://www.state.gov/translations/chinese/secretary-antony-j-blinken-and-united-kingdom-foreign-secretary-david-cameron-at-a-joint-press-availability-2-zh/,国务卿安东尼·布林肯和英国外交大臣戴维·卡梅伦举行联合新闻发布会,2024年4月09日
https://www.state.gov/translations/chinese/jy2241-zh/,美国财政部长珍妮特·耶伦在中华人民共和国北京举行的新闻发布会上的讲话,2024年4月08日
https://www.state.gov/translations/chinese/secretary-antony-j-blinken-and-u-s-eu-trade-and-technology-council-zh/,安东尼·布林肯国务卿与美国-欧盟贸易和技术理事会部长级会议联合主席在第六次美国-欧盟贸易和技术理事会联合新闻发布会上的答问,2024年4月05日
https://www.state.gov/translations/chinese/jy2227-zh1/,美国财政部长珍妮特·耶伦在中华人民共和国广州市美国商会活动上的讲话,2024年4月05日
https://www.state.gov/translations/chinese/jy2228-zh/,美国财政部长珍妮特·耶伦在与中华人民共和国副总理何立峰举行双边会谈前的讲话,2024年4月05日
https://www.state.gov/translations/chinese/adrienne-watson-on-steps-announced-by-israel-to-increase-aid-flow-to-gaza-zh/,国家安全委员会发言人艾德丽安·沃森就以色列宣布采取措施使更多援助物资进入加沙发表的声明,2024年4月04日
https://www.state.gov/translations/chinese/jy2225-zh/,美国财政部长珍妮特·耶伦在与中华人民共和国广东省省长王伟中举行双边会谈前的讲话,2024年4月04日
https://www.state.gov/translations/chinese/secretary-antony-j-blinken-at-a-solo-press-availability-zh/,安东尼·布林肯国务卿在新闻发布会上的讲话,2024年4月04日
https://www.state.gov/translations/chinese/commemorating-national-arab-american-heritage-month-zh/,纪念全国阿拉伯裔美国人传统月,2024年4月02日
https://www.state.gov/translations/chinese/statement-from-president-joe-biden-on-the-death-of-world-central-kitchen-workers-in-gaza-zh/,拜登总统就世界中央厨房工作人员在加沙遇难发表的声明,2024年4月02日
https://www.state.gov/translations/chinese/jy2218-zh/,美国财政部长珍妮特·耶伦将访问中华人民共和国,2024年4月02日
https://www.state.gov/translations/chinese/transgender-day-of-visibility-2-zh/,国际跨性别现身日,2024年3月31日
https://www.state.gov/translations/chinese/joint-statement-by-secretary-of-state-antony-j-blinken-and-secretary-of-health-and-human-services-xavier-becerra-zh/,国务卿安东尼·布林肯和卫生与公众服务部部长哈维·贝西拉的联合声明,2024年3月29日
https://www.state.gov/translations/chinese/hong-kong-policy-act-report-2-zh/,香港政策法报告,2024年3月29日
https://www.state.gov/translations/chinese/secretary-blinkens-meeting-with-israeli-defense-minister-gallant-4-zh/,布林肯国务卿会见以色列国防部长加兰特,2024年3月25日
https://www.state.gov/translations/chinese/international-day-of-remembrance-of-the-victims-of-slavery-and-the-transatlantic-slave-trade-zh/,奴隶制和跨大西洋贩卖奴隶行为受害者国际纪念日,2024年3月25日
https://www.state.gov/translations/chinese/hong-kongs-new-national-security-law-zh/,香港新的国家安全法,2024年3月22日
https://www.state.gov/translations/chinese/secretary-antony-j-blinken-remarks-to-the-press-22-zh/,安东尼·布林肯国务卿向新闻界发表讲话,2024年3月22日
https://www.state.gov/translations/chinese/united-nations-general-assembly-adopts-by-consensus-u-s-led-resolution-on-seizing-the-opportunities-of-safe-secure-and-trustworthy-artificial-intelligence-systems-for-sustainable-development-zh/,联合国大会一致通过美国牵头提出的决议：《抓住安全、可靠和值得信赖的人工智能系统带来的机遇，促进可持续发展》,2024年3月21日
https://www.state.gov/translations/chinese/consensus-adoption-of-u-s-led-resolution-on-artificial-intelligence-by-the-united-nations-general-assembly-zh/,联合国大会一致通过美国牵头提出的人工智能决议,2024年3月21日
https://www.state.gov/translations/chinese/secretary-blinkens-meeting-with-egyptian-president-el-sisi-6-zh/,布林肯国务卿会见埃及总统塞西,2024年3月21日
https://www.state.gov/translations/chinese/united-states-to-provide-additional-humanitarian-assistance-to-sudanese-people-and-host-communities-zh/,美国将向苏丹人民和接收难民的社区追加人道主义援助,2024年3月20日
https://www.state.gov/translations/chinese/on-russias-presidential-elections-zh/,关于俄罗斯总统选举,2024年3月19日
https://www.state.gov/translations/chinese/building-a-more-resilient-information-environment-zh/,建设更具韧性的信息环境,2024年3月18日
https://www.state.gov/translations/chinese/secretary-antony-j-blinken-at-the-ministerial-conference-of-the-third-summit-for-democracy-zh/,安东尼·布林肯国务卿在第三届民主峰会部长级会议上的讲话,2024年3月17日
https://www.state.gov/translations/chinese/secretary-antony-j-blinken-at-the-opening-ceremony-of-the-third-summit-for-democracy-zh/,安东尼·布林肯国务卿在第三届民主峰会开幕式上的讲话,2024年3月17日
https://www.state.gov/translations/chinese/secretary-antony-j-blinken-at-the-67th-session-of-the-un-commission-on-narcotic-drugs-zh/,安东尼·布林肯国务卿在联合国麻醉药品委员会第67届会议上发表讲话,2024年3月15日
https://www.state.gov/translations/chinese/taking-further-measures-to-promote-peace-security-and-stability-in-the-west-bank-zh/,采取进一步措施促进约旦河西岸地区和平、安全与稳定,2024年3月14日
https://www.state.gov/translations/chinese/secretary-blinkens-remarks-to-the-press-4-zh/,布林肯国务卿向新闻界发表的讲话,2024年3月13日
https://www.state.gov/translations/chinese/united-states-announces-additional-military-assistance-for-ukraine-zh/,美国宣布向乌克兰提供更多军事援助,2024年3月12日
https://www.state.gov/translations/chinese/on-the-occasion-of-ramadan-2-zh/,斋月致辞,2024年3月12日
https://www.state.gov/translations/chinese/press-releases-mar-11-2024-united-states-providing-additional-humanitarian-assistance-respond-dire-humanitarian-needs-haiti-zh/,美国提供更多人道主义援助以应对海地严峻的人道主义需求,2024年3月11日
https://www.state.gov/translations/chinese/fy-2025-budget-deliver-solutions-for-shared-global-challenges-zh/,2025财政年度预算：提供应对全球共同挑战的解决方案,2024年3月11日
https://www.state.gov/translations/chinese/statement-from-president-joseph-r-biden-on-the-occasion-of-ramadan-zh/,约瑟夫·拜登总统发表斋月祝词,2024年3月10日
https://www.state.gov/translations/chinese/%e6%8b%9c%e7%99%bb%e6%80%bb%e7%bb%9f%e5%8f%91%e8%a1%a8%e5%9b%bd%e6%83%85%e5%92%a8%e6%96%87%e8%ae%b2%e8%af%9d%ef%bc%88%e6%91%98%e8%af%91%ef%bc%89/,拜登总统发表国情咨文讲话（摘译）,2024年3月07日
https://www.state.gov/translations/chinese/secretary-antony-j-blinken-at-the-18th-annual-international-women-of-courage-award-ceremony-zh/,安东尼·布林肯国务卿在第18届国际妇女勇气奖颁奖仪式上的讲话,2024年3月04日
https://www.state.gov/translations/chinese/fact-sheet-president-biden-issues-sweeping-executive-order-to-protect-americans-sensitive-personal-data-zh/,简报：拜登总统发布行政命令保护美国人的敏感个人数据,2024年2月28日
https://www.state.gov/translations/chinese/hong-kongs-proposed-article-23-legislation-further-undermines-one-country-two-systems-framework-zh/,香港拟议的《基本法》第23条立法将进一步削弱“一国两制”框架,2024年2月28日
https://www.state.gov/translations/chinese/secretary-antony-j-blinken-at-the-alliance-for-afghan-womens-economic-resilience-summit-zh/,安东尼·布林肯国务卿在阿富汗妇女经济韧性联盟峰会上的讲话,2024年2月27日
https://www.state.gov/translations/chinese/joint-statement-endorsing-principles-for-6g-secure-open-and-resilient-by-design-zh/,关于支持6G安全、开放、韧性设计原则的联合声明,2024年2月26日
https://www.state.gov/translations/chinese/ustr-releases-annual-report-chinas-wto-compliance-zh/,美国贸易代表发布中国世贸组织合规情况年度报告,2024年2月23日
https://www.state.gov/translations/chinese/responding-to-two-years-of-russias-full-scale-war-against-ukraine-and-aleksey-navalnys-death-zh/,应对俄罗斯全面入侵乌克兰两周年以及阿列克谢·纳瓦尔尼之死,2024年2月23日
https://www.state.gov/translations/chinese/2024-02-23-statement-from-president-joe-biden-ahead-of-the-two-year-anniversary-of-russias-brutal-assault-against-ukraine-zh/,美国总统拜登在俄罗斯野蛮攻击乌克兰两周年之际发表的声明,2024年2月23日
https://www.state.gov/translations/chinese/under-secretary-of-state-victoria-nulands-remarks-on-the-two-year-anniversary-of-russias-full-scale-invasion-of-ukraine-zh/,副国务卿维多利亚·纽兰在俄罗斯全面入侵乌克兰两周年之际的讲话,2024年2月22日
https://www.state.gov/translations/chinese/%e5%ae%89%e4%b8%9c%e5%b0%bc%c2%b7%e5%b8%83%e6%9e%97%e8%82%af%e5%9b%bd%e5%8a%a1%e5%8d%bf%e5%9c%a8%e6%96%b0%e9%97%bb%e5%8f%91%e5%b8%83%e4%bc%9a%e4%b8%8a%e7%9a%84%e8%ae%b2%e8%af%9d-2/,安东尼·布林肯国务卿在新闻发布会上的讲话,2024年2月22日
https://www.state.gov/translations/chinese/united-states-engagement-with-the-g20-2-zh/,美国对二十国集团的参与,2024年2月21日
https://www.state.gov/translations/chinese/u-s-relations-with-brazil-2-zh/,美国-巴西关系,2024年2月20日
https://www.state.gov/translations/chinese/secretary-blinkens-meeting-with-peoples-republic-of-china-director-of-the-chinese-communist-party-ccp-central-foreign-affairs-commission-and-foreign-minister-wang-yi-3-zh/,布林肯国务卿会见中华人民共和国外交部部长王毅,2024年2月16日
https://www.state.gov/translations/chinese/remarks-by-vice-president-harris-at-the-munich-security-conference-munich-germany-zh/,哈里斯副总统在慕尼黑安全会议上的讲话,2024年2月16日
https://www.state.gov/translations/chinese/secretary-antony-j-blinken-at-hostage-diplomacy-as-an-international-security-threat-strengthening-our-collective-action-deterrence-and-response-zh/,安东尼·布林肯国务卿在 “以人质外交为手段的国际安全威胁：加强集体行动、威慑和回应”活动上的讲话,2024年2月13日
https://www.state.gov/translations/chinese/the-kremlins-efforts-to-spread-deadly-disinformation-in-africa-zh/,克里姆林宫竭力在非洲传播致命虚假信息,2024年2月12日
https://www.state.gov/translations/chinese/%e7%be%8e%e5%9b%bd%e5%af%b9%e5%8d%b0%e5%a4%aa%e5%9c%b0%e5%8c%ba%e7%9a%84%e6%8c%81%e4%b9%85%e6%89%bf%e8%af%ba%ef%bc%9a%e6%9c%ac%e5%b1%8a%e6%94%bf%e5%ba%9c%e5%8d%b0%e5%a4%aa%e6%88%98%e7%95%a5%e5%8f%91/,美国对印太地区的持久承诺：本届政府印太战略发布两周年,2024年2月12日
https://www.state.gov/translations/chinese/celebrating-lunar-new-year-zh/,庆祝农历新年,2024年2月09日
https://www.state.gov/translations/chinese/secretary-antony-j-blinken-at-a-press-availability-46-zh,安东尼·布林肯国务卿在以色列特拉维夫举行记者会,2024年2月07日
https://www.state.gov/translations/chinese/secretary-antony-j-blinken-and-qatari-prime-minister-and-minister-of-foreign-affairs-mohammed-bin-abdulrahman-al-thani-at-a-joint-press-availability-2-zh/,安东尼·布林肯国务卿和卡塔尔首相兼外交大臣穆罕默德·本·阿卜杜勒拉赫曼·阿勒萨尼联合举行记者会,2024年2月06日
https://www.state.gov/translations/chinese/observance-of-the-international-day-of-zero-tolerance-for-female-genital-mutilation-3-zh/,纪念“残割女性生殖器零容忍国际日”,2024年2月06日
https://www.state.gov/translations/chinese/secretary-blinkens-meeting-with-egyptian-president-el-sisi-5-zh/,布林肯国务卿拜会埃及总统塞西,2024年2月06日
https://www.state.gov/translations/chinese/launch-of-united-states-peoples-republic-of-china-counternarcotics-working-group-zh/,美国-中华人民共和国禁毒合作工作组启动,2024年2月01日
https://www.state.gov/translations/chinese/further-measures-to-promote-peace-security-and-stability-in-the-west-bank-zh/,促进约旦河西岸和平、安全与稳定的进一步措施,2024年2月01日
https://www.state.gov/translations/chinese/joint-statement-marking-three-years-since-the-military-coup-in-myanmar-zh/,关于缅甸军事政变三周年的联合声明,2024年1月31日
https://www.state.gov/translations/chinese/remarks-and-qa-by-national-security-advisor-jake-sullivan-on-the-future-of-u-s-china-relations-zh/,美国国家安全事务顾问杰克·沙利文就美中关系前景发表讲话并回答提问,2024年1月30日
https://www.state.gov/translations/chinese/venezuela-sanctions-actions-and-supporting-democracy-zh/,委内瑞拉：实施制裁和支持民主,2024年1月30日
https://www.state.gov/translations/chinese/secretary-antony-j-blinken-and-european-commission-executive-vice-president-margrethe-vestager-at-the-fifth-u-s-eu-trade-and-technology-council-ministerial-meeting-zh/,布林肯国务卿和欧盟委员会执行副主席玛格丽特·维斯塔格出席第五届美国-欧盟贸易和技术理事会部长级会议时的讲话,2024年1月30日
https://www.state.gov/translations/chinese/secretary-antony-j-blinken-and-nato-secretary-general-jens-stoltenberg-at-a-joint-press-availability-3-zh/,布林肯国务卿和北约秘书长斯托尔滕贝格举行联合新闻发布会,2024年1月29日
https://www.state.gov/translations/chinese/statement-on-unrwa-allegations-zh/,关于联合国近东巴勒斯坦难民救济和工程处被指控的声明,2024年1月26日
https://www.state.gov/translations/chinese/statement-from-president-joe-biden-international-holocaust-remembrance-day-statement-2024-zh/,乔·拜登总统关于国际大屠杀纪念日的声明,2024年1月26日
https://www.state.gov/translations/chinese/biden-administration-announces-additional-u-s-military-assistance-for-ukraine-zh/,拜登政府宣布向乌克兰增加提供美国军事援助,2023年12月12日
https://www.state.gov/translations/chinese/u-s-department-of-state-announces-american-music-abroad-2024-spring-season-as-u-s-artists-span-the-globe-to-promote-peace-through-music-zh/,美国国务院宣布启动“美国音乐在海外2024”春季项目,2024年1月25日
https://www.state.gov/translations/chinese/statement-from-nsc-spokesperson-adrienne-watson-on-reported-strikes-at-unrwa-facility-in-southern-gaza-zh/,美国国家安全委员会发言人艾德丽安·沃森（Adrienne Watson）关于联合国近东巴勒斯坦难民救济和工程处加沙南部设施据报遭袭事件的声明,2024年1月24日
https://www.state.gov/translations/chinese/statement-from-national-security-advisor-jake-sullivan-on-the-millennium-challenge-corporations-20th-anniversary-zh/,国家安全顾问杰克·沙利文关于千年挑战集团成立20周年的声明,2024年1月23日
https://www.state.gov/translations/chinese/targeting-additional-hamas-financial-networks-zh/,进一步打击哈马斯金融网络,2024年1月22日
https://www.state.gov/translations/chinese/first-anniversary-of-the-welcome-corps-zh/,“欢迎团”成立一周年,2024年1月19日
https://www.state.gov/translations/chinese/secretary-of-states-international-religious-freedom-awards-zh/,安东尼·布林肯国务卿颁发国际宗教自由奖,2024年1月18日
https://www.state.gov/translations/chinese/terrorist-designation-of-the-houthis-zh/,认定胡塞武装为恐怖组织,2024年1月17日
https://www.state.gov/translations/chinese/secretary-blinkens-meeting-with-european-commission-president-von-der-leyen-2-zh/,布林肯国务卿会见欧盟委员会主席冯德莱恩,2024年1月16日
https://www.state.gov/translations/chinese/on-taiwans-election-zh/,关于台湾选举,2024年1月13日
https://www.state.gov/translations/chinese/secretary-blinkens-remarks-to-the-press-zh/,布林肯国务卿对媒体发表讲话,2024年1月10日
https://www.state.gov/translations/chinese/joint-statement-on-dprk-russia-ballistic-missile-transfers-zh/,关于朝鲜-俄罗斯弹道导弹转让的联合声明,2024年1月09日
https://www.state.gov/translations/chinese/secretary-antony-j-blinken-at-a-press-availability-45-zh/,安东尼·布林肯国务卿在新闻发布会上的讲话,2024年1月09日
https://www.state.gov/translations/chinese/secretary-antony-j-blinken-and-qatari-prime-minister-and-minister-of-foreign-affairs-mohammed-bin-abdulrahman-al-thani-at-a-joint-press-availability-zh/,国务卿安东尼·布林肯和卡塔尔首相兼外交大臣穆罕默德·本·阿卜杜勒拉赫曼·阿勒萨尼举行联合记者会,2024年1月07日
https://www.state.gov/translations/chinese/religious-freedom-designations-zh/,宗教自由列名,2024年1月04日
https://www.state.gov/translations/chinese/burma-independence-day-2-zh/,缅甸独立日,2024年1月03日
https://www.state.gov/translations/chinese/a-joint-statement-from-the-governments-of-the-united-states-australia-bahrain-belgium-canada-denmark-germany-italy-japan-netherlands-new-zealand-and-the-united-kingdom-zh/,美国、澳大利亚、巴林、比利时、加拿大、丹麦、德国、意大利、日本、荷兰、新西兰、新加坡和英国政府联合声明,2024年1月03日
https://www.state.gov/translations/chinese/rejection-of-irresponsible-statements-on-resettlement-of-palestinians-outside-of-gaza-zh/,不接受在加沙以外重新安置巴勒斯坦人的不负责任言论,2024年1月02日
https://www.state.gov/translations/chinese/media-freedom-coalition-statement-on-the-second-anniversary-of-the-closure-of-stand-news-and-media-freedom-in-hong-kong-zh/,媒体自由联盟关于《立场新闻》被封两周年及香港媒体自由的声明,2023年12月29日
https://www.state.gov/translations/chinese/countering-houthi-maritime-attacks-zh/,反击胡塞武装的海上袭击,2023年12月28日
https://www.state.gov/translations/chinese/joint-statement-on-the-latest-iranian-nuclear-steps-reported-by-the-iaea-zh/,关于国际原子能机构报告的伊朗最新核步骤的联合声明,2023年12月28日
https://www.state.gov/translations/chinese/biden-administration-announces-additional-u-s-military-assistance-for-ukraine-2-zh/,拜登政府宣布向乌克兰追加军事援助,2023年12月27日
https://www.state.gov/translations/chinese/%e5%ae%89%e4%b8%9c%e5%b0%bc%c2%b7%e5%b8%83%e6%9e%97%e8%82%af%e5%9b%bd%e5%8a%a1%e5%8d%bf%e5%9c%a8%e6%96%b0%e9%97%bb%e5%8f%91%e5%b8%83%e4%bc%9a%e4%b8%8a%e7%9a%84%e8%ae%b2%e8%af%9d/,安东尼·布林肯国务卿在新闻发布会上的讲话,2023年12月20日
https://www.state.gov/translations/chinese/joint-statement-on-houthi-attacks-in-the-red-sea-zh/,关于胡塞武装在红海发动袭击的联合声明,2023年12月19日
https://www.state.gov/translations/chinese/statement-from-secretary-of-defense-lloyd-j-austin/,美国国防部长劳埃德·奥斯汀关于确保红海航行自由的声明,2023年12月18日
https://www.state.gov/translations/chinese/international-migrants-day-2-zh/,国际移民日,2023年12月18日
https://www.state.gov/translations/chinese/secretary-blinkens-call-with-saudi-foreign-minister-prince-faisal-bin-farhan-al-saud-10-zh/,布林肯国务卿与沙特外交大臣费萨尔•本•法尔汉•阿勒沙特亲王的通话纪要,2023年12月18日
https://www.state.gov/translations/chinese/trial-of-jimmy-lai-under-the-hong-kong-national-security-law-zh/,关于香港利用《国家安全法》审判黎智英的声明,2023年12月17日
https://www.state.gov/translations/chinese/statement-from-president-joe-biden-on-the-80th-anniversary-of-the-repeal-of-the-chinese-exclusion-act-zh/,拜登总统关于《排华法案》废除80周年的声明,2023年12月17日
https://www.state.gov/translations/chinese/on-hong-kong-authorities-transnational-repression-zh/,关于香港当局的跨国镇压,2023年12月15日
https://www.state.gov/translations/chinese/delivering-on-the-promise-of-ai-to-improve-health-outcomes-zh/,发挥人工智能的潜能以改善医疗卫生服务,2023年12月14日
https://www.state.gov/translations/chinese/jy1994-zh/,财政部长珍妮特·耶伦关于美中经济关系的讲话,2023年12月14日
https://www.state.gov/translations/chinese/welcoming-the-european-council-decisions-on-eu-enlargement-zh/,欢迎欧洲理事会关于欧盟扩大的决定,2023年12月14日
https://www.state.gov/translations/chinese/statement-from-president-joe-biden-on-agreement-reached-at-cop28-zh/,乔·拜登总统关于 COP28 达成协议的声明,2023年12月14日
https://www.state.gov/translations/chinese/remarks-to-the-press-at-the-conclusion-of-the-un-climate-change-conference-cop28-zh/,总统气候特使约翰·克里在第28届联合国气候变化大会（COP28）闭幕之际向新闻界发表的讲话,2023年12月13日
https://www.state.gov/translations/chinese/readout-of-president-bidens-meeting-with-president-zelenskyy-of-ukraine-zh/,拜登总统与乌克兰总统泽连斯基的会谈纪要,2023年12月12日
https://www.state.gov/translations/chinese/fact-sheet-u-s-leadership-in-the-fight-against-global-corruption-zh/,简报：美国在打击全球腐败中的领导作用,2023年12月11日
https://www.state.gov/translations/chinese/promoting-accountability-for-corruption-globally-zh/,在全球推动对腐败行为追究责任,2023年12月11日
https://www.state.gov/translations/chinese/human-rights-day-3-zh/,人权日,2023年12月10日
https://www.state.gov/translations/chinese/promoting-accountability-in-support-of-the-75th-anniversary-of-the-universal-declaration-of-human-rights-2-zh/,促进人权问责，纪念《世界人权宣言》75周年,2023年12月08日
https://www.state.gov/translations/chinese/secretary-antony-j-blinken-and-united-kingdom-foreign-secretary-david-cameron-at-a-joint-press-availability-zh/,美国国务卿安东尼·布林肯与英国外交大臣戴维·卡梅伦在联合新闻记者会上的讲话,2023年12月07日
https://www.state.gov/translations/chinese/honoring-global-anti-corruption-champions-zh/,表彰全球反腐斗士,2023年12月07日
https://www.state.gov/translations/chinese/statements-releases-2023-12-06-g7-leaders-statement-6-zh/,七国集团领导人声明（有关中国部分的摘译）,2023年12月06日
https://www.state.gov/translations/chinese/cop28-net-zero-world-showcases-progress-transforming-emerging-energy-economies-zh/,COP28：“净零世界”展示新兴能源经济转型的进展,2023年12月06日
https://www.state.gov/translations/chinese/remarks-ambassador-katherine-tai-event-commemorating-80th-anniversary-repeal-chinese-exclusion-act-zh/,戴琪大使在《排华法案》废除80周年纪念活动上的讲话,2023年12月06日
https://www.state.gov/translations/chinese/accelerating-fast-mitigation-summit-on-methane-and-non-co2-greenhouse-gases-zh/,加速快速减排：甲烷和非二氧化碳温室气体问题峰会,2023年12月02日
https://www.state.gov/translations/chinese/remarks-by-vice-president-harris-delivering-the-u-s-statement-at-cop28-zh/,哈里斯副总统在第28届联合国气候变化大会上发表美国声明时的讲话,2023年12月02日
https://www.state.gov/translations/chinese/2050-to-support-global-climate-and-energy-security-goals-zh/,美国加入多国宣言承诺到2050年将核能能力提高三倍以支持全球气候和能源安全目标,2023年12月02日
https://www.state.gov/translations/chinese/secretary-antony-j-blinken-remarks-to-the-press-18-zh/,安东尼·布林肯国务卿对新闻媒体发表讲话,2023年12月01日
https://www.state.gov/translations/chinese/secretary-antony-j-blinken-at-the-un-climate-conference-cop-28-leaders-event-transforming-food-systems-in-the-face-of-climate-change-zh/,安东尼·布林肯国务卿在COP 28领导人活动上的讲话：改造粮食体系，应对气候变化,2023年12月01日
https://www.state.gov/translations/chinese/leadership-on-climate-change-and-global-food-security-through-the-vision-for-adapted-crops-and-soils-zh/,通过“适应作物和土壤愿景”引领应对气候变化和全球粮食安全,2023年12月01日
https://www.state.gov/translations/chinese/secretary-antony-j-blinken-at-a-press-availability-43-zh/,安东尼·布林肯国务卿在媒体见面会上的讲话,2023年11月30日
https://www.state.gov/translations/chinese/statement-from-president-biden-on-the-passing-of-henry-kissinger-zh/,拜登总统关于亨利·基辛格逝世的声明,2023年11月30日
https://www.state.gov/translations/chinese/on-the-passing-of-henry-a-kissinger-zh/,安东尼·布林肯国务卿关于亨利·基辛格逝世的声明,2023年11月30日
https://www.state.gov/translations/chinese/statement-from-president-joe-biden-on-the-release-of-american-hostage-from-gaza-zh/,乔·拜登总统关于美国人质在加沙获释的声明,2023年11月29日
https://www.state.gov/translations/chinese/secretary-antony-j-blinken-at-a-press-availability-42-zh/,安东尼·布林肯国务卿在媒体见面会上的讲话,2023年11月29日
https://www.state.gov/translations/chinese/secretary-antony-j-blinken-and-ukrainian-foreign-minister-dmytro-kuleba-before-their-meeting-8-zh/,安东尼·布林肯国务卿在和乌克兰外交部长德米特里·库列巴会晤前的讲话,2023年11月29日
https://www.state.gov/translations/chinese/statement-from-national-security-advisor-jake-sullivan-on-airlift-of-critical-humanitarian-supplies-to-egypt-to-support-aid-delivery-in-gaza-zh/,国家安全顾问杰克·沙利文关于向埃及空运关键人道主义物资以支持将援助送达加沙的声明,2023年11月28日
https://www.state.gov/translations/chinese/joint-statement-on-the-united-states-and-africa-cdcs-new-joint-action-plan-zh/,美国和非洲疾病控制中心就新的联合行动计划发表联合声明,2023年11月28日
https://www.state.gov/translations/chinese/g7-foreign-ministers-statement-on-the-situation-in-israel-and-gaza-zh/,七国集团外长关于以色列和加沙局势的声明,2023年11月28日
https://www.state.gov/translations/chinese/statement-from-president-joe-biden-on-extension-of-humanitarian-pause-in-gaza-utm_mediumemailutm_sourcegovdelivery-zh/,美国总统拜登关于在加沙延长人道主义暂时停火的声明,2023年11月27日
https://www.state.gov/translations/chinese/statement-by-president-joe-biden-on-the-occasion-of-international-day-for-the-elimination-of-violence-against-women-3-zh/,拜登总统在制止暴力侵害妇女行为国际日发表声明,2023年11月25日
https://www.state.gov/translations/chinese/statement-by-president-biden-in-remembrance-of-holodomor-zh/,拜登总统纪念乌克兰大饥荒的声明,2023年11月25日
https://www.state.gov/translations/chinese/fact-sheet-president-biden-welcomes-asia-pacific-leaders-to-san-francisco-drives-inclusive-and-sustainable-economic-growth-at-home-and-throughout-apec-zh/,简报：拜登总统欢迎亚太地区领导人莅临旧金山，促进国内以及整个APEC地区的包容性和可持续性经济增长,2023年11月17日
https://www.state.gov/translations/chinese/chairs-statement-on-the-apec-economic-leaders-meeting-zh/,亚太经合组织经济领导人会议主席声明,2023年11月17日
https://www.state.gov/translations/chinese/fact-sheet-in-san-francisco-president-biden-and-13-partners-announce-key-outcomes-to-fuel-inclusive-sustainable-growth-as-part-of-the-indo-pacific-economic-framework-for-prosperity-zh/,简报：拜登总统和 13 个合作伙伴在旧金山宣布印太经济繁荣框架下促进包容性和可持续性经济增长的主要成果,2023年11月16日
https://www.state.gov/translations/chinese/remarks-by-vice-president-harris-at-the-apec-womens-economic-participation-in-the-industries-of-the-future-meeting-san-francisco-ca-zh/,哈里斯副总统在 APEC 妇女参与未来产业会议上的讲话,2023年11月16日
https://www.state.gov/translations/chinese/remarks-by-president-biden-at-an-apec-informal-dialogue-and-working-lunch-san-francisco-ca-zh/,拜登总统在亚太经合组织非正式对话和工作午餐上的讲话,2023年11月16日
https://www.state.gov/translations/chinese/remarks-by-president-biden-at-the-indo-pacific-economic-framework-san-francisco-ca-zh/,拜登总统在印太经济框架会议上的讲话,2023年11月16日
https://www.state.gov/translations/chinese/readout-of-president-joe-bidens-meeting-with-president-xi-jinping-of-the-peoples-republic-of-china-2-zh/,乔·拜登总统与中华人民共和国国家主席习近平会谈纪要,2023年11月15日
https://www.state.gov/translations/chinese/remarks-by-president-biden-and-president-xi-jinping-of-the-peoples-republic-of-china-before-bilateral-meeting-zh/,拜登总统在与中华人民共和国主席习近平举行双边会晤前的讲话,2023年11月15日
https://www.state.gov/translations/chinese/press-releases-jy1896-zh/,会谈纪要：美国财政部长珍妮特·耶伦与中华人民共和国副总理何立峰在加州旧金山举行双边会谈,2023年11月10日
https://www.state.gov/translations/chinese/u-s-china-coordination-meeting-on-disability-zh/,美中残障事务协调会议,2023年11月06日
https://www.state.gov/translations/chinese/secretary-blinkens-meeting-with-peoples-republic-of-china-director-of-the-chinese-communist-party-ccp-central-foreign-affairs-commission-and-foreign-minister-wang-yi-zh/,布林肯国务卿与中华人民共和国中共中央外事工作委员会办公室主任兼外交部长王毅举行会晤,2023年10月26日
https://www.state.gov/translations/chinese/secretary-antony-j-blinken-at-the-un-security-council-ministerial-meeting-on-the-situation-in-the-middle-east-zh/,安东尼·布林肯国务卿在联合国安理会有关中东地区局势的部长级会议上发表讲话,2023年10月24日
https://www.state.gov/translations/chinese/remarks-by-president-biden-on-the-unites-states-response-to-hamass-terrorist-attacks-against-israel-and-russias-ongoing-brutal-war-against-ukraine-zh/,拜登总统就美国应对哈马斯针对以色列的恐怖主义袭击以及俄罗斯针对乌克兰持续发动的残酷战争发表讲话,2023年10月20日
https://www.state.gov/translations/chinese/remarks-by-president-biden-on-the-october-7th-terrorist-attacks-and-the-resilience-of-the-state-of-israel-and-its-people-tel-aviv-israel-zh/,拜登总统就10月7日恐怖主义袭击事件以及以色列政府和人民的坚韧顽强发表讲话,2023年10月18日
https://www.state.gov/translations/chinese/secretary-blinkens-meeting-with-palestinian-authority-president-abbas-zh/,布林肯国务卿与巴勒斯坦权力机构主席阿巴斯的会谈纪要,2023年10月13日
https://www.state.gov/translations/chinese/remarks-by-president-biden-on-the-terrorist-attacks-in-israel-2/,拜登总统就在以色列发生的恐怖袭击发表讲话,2023年10月10日
https://www.state.gov/translations/chinese/how-the-peoples-republic-of-china-seeks-to-reshape-the-global-information-environment-zh/,简报：中华人民共和国如何试图重塑全球信息环境,2023年9月28日
https://www.state.gov/translations/chinese/remarks-by-president-biden-before-the-78th-session-of-the-united-nations-general-assembly-new-york-ny-zh/,拜登总统在第78届联合国大会上发表讲话,2023年9月19日
https://www.state.gov/translations/chinese/secretary-antony-j-blinken-remarks-to-the-johns-hopkins-school-of-advanced-international-studies-sais-the-power-and-purpose-of-american-diplomacy-in-a-new-era-zh/,安东尼·布林肯国务卿在约翰·霍普金斯大学高级国际研究学院发表演说：《新时代美国外交的实力与目标》,2023年9月13日
https://www.state.gov/translations/chinese/secretary-blinken-outlines-the-power-and-purpose-of-american-diplomacy-in-a-new-era-in-speech-at-johns-hopkins-sais-zh/,布林肯国务卿在约翰·霍普金斯大学高级国际研究学院阐述美国外交在新时代的力量与目标,2023年9月13日
https://www.state.gov/translations/chinese/joint-statement-on-australia-u-s-ministerial-consultations-ausmin-2023-zh/,2023年澳大利亚-美国部长级磋商会议联合声明,2023年7月29日
https://www.state.gov/translations/chinese/secretary-antony-j-blinken-secretary-of-defense-lloyd-j-austin-iii-australian-deputy-prime-minister-and-minister-for-defense-richard-marles-and-australian-foreign-minister-penny-wong-at-a-joint-pr-zh/,美国国务卿安东尼·布林肯及国防部长劳埃德·奥斯汀与澳大利亚副总理兼国防部长理查德·马尔斯及外交部长黄英贤在联合媒体见面会上的讲话,2023年7月29日
https://www.state.gov/translations/chinese/remarks-by-ambassador-linda-thomas-greenfield-at-a-un-security-council-briefing-on-russias-attacks-on-ukrainian-ports-zh/,琳达·托马斯-格林菲尔德大使在联合国安理会关于俄罗斯袭击乌克兰港口的通报会上的讲话,2023年7月26日
https://www.state.gov/translations/chinese/additional-u-s-military-assistance-for-ukraine-3-zh/,安东尼·布林肯国务卿的声明：美国向乌克兰增加提供军事援助,2023年7月25日
https://www.state.gov/translations/chinese/remarks-by-ambassador-linda-thomas-greenfield-at-a-un-security-council-briefing-on-the-humanitarian-impacts-of-russias-withdrawal-from-the-black-sea-zh/,琳达·托马斯-格林菲尔德大使在联合国安理会关于俄罗斯退出《黑海谷物倡议》造成的人道主义影响的简报会上发表讲话,2023年7月21日
https://www.state.gov/translations/chinese/special-presidential-envoy-for-climate-kerry-meets-with-the-peoples-republic-of-china-prc-vice-president-han-zheng-zh/,美国总统气候问题特使约翰·克里会晤中华人民共和国副主席韩正,2023年7月19日
https://www.state.gov/translations/chinese/special-presidential-envoy-for-climate-kerry-meets-with-director-of-the-ccp-central-foreign-affairs-office-wang-yi-2-zh/,美国总统气候问题特使克里会晤中共中央外事工作委员会办公室主任王毅,2023年7月18日
https://www.state.gov/translations/chinese/special-presidential-envoy-for-climate-kerry-meets-with-prc-premier-li-qiang-zh/,美国总统气候问题特使克里会唔中华人民共和国国务院总理李强,2023年7月18日
https://www.state.gov/translations/chinese/jul-17-2023-united-states-provides-more-500-million-additional-humanitarian-assistance-people-ukraine-zh/,美国为乌克兰人民增加提供超过5亿美元人道主义援助,2023年7月17日
https://www.state.gov/translations/chinese/secretary-antony-j-blinken-at-a-press-availability-36-zh/,安东尼·布林肯国务卿在媒体见面会上的讲话,2023年7月14日
https://www.state.gov/translations/chinese/joint-declaration-of-support-for-ukraine-zh/,媒体简报：七国集团支持乌克兰的声明,2023年7月12日
https://www.state.gov/translations/chinese/the-united-states-asean-relationship-2-zh/,简报：美国与东盟的关系,2023年7月12日
https://www.state.gov/translations/chinese/remarks-by-president-biden-on-supporting-ukraine-defending-democratic-values-and-taking-action-to-address-global-challenges-vilnius-lithuania-zh/,拜登总统关于支持乌克兰、捍卫民主价值观以及为应对全球挑战采取行动的讲话,2023年7月12日
https://www.state.gov/translations/chinese/jy1603-zh/,美国财政部长珍妮特·耶伦在中华人民共和国北京举行的新闻发布会上的讲话,2023年7月09日
https://www.state.gov/translations/chinese/jy1599-zh/,会议纪要：美国财政部长珍妮特·耶伦与气候融资领导人的圆桌会议,2023年7月08日
https://www.state.gov/translations/chinese/jy1602-zh/,会谈纪要：美国财政部长珍妮特·耶伦会见中国人民银行党委书记潘功胜,2023年7月08日
https://www.state.gov/translations/chinese/secretary-antony-j-blinken-opening-remarks-at-a-virtual-ministerial-meeting-to-launch-the-global-coalition-to-address-synthetic-drugs-zh/,安东尼·布林肯国务卿在启动全球应对合成麻醉品威胁联盟的线上部长级会议上致开幕辞,2023年7月07日
https://www.state.gov/translations/chinese/news-press-releases-jy1590-zh,美国财政部长珍妮特·耶伦与在中华人民共和国运营的美国企业的圆桌讨论会上发表讲话,2023年7月07日
https://www.state.gov/translations/chinese/jy1591-zh/,美国财政部长珍妮特·耶伦在与中华人民共和国国务院总理李强会晤时发表讲话,2023年7月07日
https://www.state.gov/translations/chinese/secretary-antony-j-blinken-in-a-conversation-with-council-on-foreign-relations-president-richard-haass-zh/,安东尼·布林肯国务卿与美国外交关系协会会长理查德·哈斯的对话 [摘译],2023年6月28日
https://www.state.gov/translations/chinese/additional-u-s-security-assistance-for-ukraine-7-zh/,安东尼·布林肯国务卿的声明：美国向乌克兰增加提供安全援助,2023年6月27日
https://www.state.gov/translations/chinese/deputy-secretary-shermans-call-with-peoples-republic-of-china-prc-appointed-ambassador-xie-feng-zh/,副国务卿谢尔曼与中华人民共和国任命的驻美大使谢锋通话,2023年6月27日
https://www.state.gov/translations/chinese/secretary-of-state-antony-j-blinkens-press-availability-questions-zh/,安东尼·布林肯国务卿与新闻媒体见面并回答提问,2023年6月19日
https://www.state.gov/translations/chinese/secretary-of-state-antony-j-blinkens-press-availability-remarks-zh/,安东尼·布林肯国务卿与新闻媒体见面并发表讲话,2023年6月19日
https://www.state.gov/translations/chinese/secretary-blinkens-visit-to-the-peoples-republic-of-china-prc-zh/,布林肯国务卿访问中华人民共和国,2023年6月19日
https://www.state.gov/translations/chinese/secretary-blinkens-meeting-with-director-of-the-ccp-central-foreign-affairs-office-wang-yi-zh/,布林肯国务卿会见中共中央外事工作委员会办公室主任王毅,2023年6月19日
https://www.state.gov/translations/chinese/secretary-antony-j-blinken-and-peoples-republic-of-china-president-xi-jinping-before-their-meeting-zh/,美国国务卿布林肯和中华人民共和国国家主席习近平在会晤前的讲话,2023年6月19日
https://www.state.gov/translations/chinese/secretary-blinkens-meeting-with-peoples-republic-of-china-state-councilor-and-foreign-minister-qin-gang-zh/,安东尼·布林肯国务卿会见中华人民共和国国务委员兼外交部长秦刚,2023年6月18日
https://www.state.gov/translations/chinese/united-states-announces-additional-humanitarian-assistance-for-the-people-of-ukraine-zh/,安东尼·布林肯国务卿的声明：美国宣布为乌克兰人民追加提供人道主义援助,2023年6月16日
https://www.state.gov/translations/chinese/secretary-antony-j-blinken-at-the-release-of-the-2023-trafficking-in-persons-report-zh/,安东尼·布林肯国务卿在《2023年人口贩运问题报告》发布会上的讲话,2023年6月15日
https://www.state.gov/translations/chinese/deputy-assistant-to-the-president-and-coordinator-for-indo-pacific-affairs-kurt-campbell-and-assistant-secretary-of-state-for-east-asian-and-pacific-affairs-daniel-j-kritenbrink-on-the-secretary-zh/,公开通报会：美国总统副助理兼印度-太平洋事务协调员库尔特∙坎贝尔以及负责东亚和太平洋事务的助理国务卿丹尼尔·克里滕布林克谈国务卿即将对中华人民共和国和英国进行的访问,2023年6月14日
https://www.state.gov/translations/chinese/secretary-blinkens-trip-to-the-peoples-republic-of-china-and-the-united-kingdom-zh/,美国国务院发言人马修·米勒的声明：布林肯国务卿访问中华人民共和国和英国,2023年6月14日
https://www.state.gov/translations/chinese/additional-u-s-security-assistance-for-ukraine-6-zh/,安东尼·布林肯国务卿的声明：美国向乌克兰增加提供安全援助,2023年6月13日
https://www.state.gov/translations/chinese/on-the-34th-anniversary-of-tiananmen-square-zh/,美国国务卿安东尼·布林肯的声明: “天安门”34周年,2023年6月03日
https://www.state.gov/translations/chinese/russias-strategic-failure-and-ukraines-secure-future-zh/,安东尼·布林肯国务卿的讲话: 俄罗斯的战略失败与乌克兰安全的未来,2023年6月02日
https://www.state.gov/translations/chinese/sanctioning-prc-and-mexico-based-individuals-and-entities-for-enabling-illicit-drug-production-zh/,美国国务卿安东尼·布林肯的声明 – 对助长非法药品生产的中华人民共和国和墨西哥的个人及实体进行制裁,2023年5月30日
https://www.state.gov/translations/chinese/g7-leaders-statement-on-ukraine-zh/,七国集团领导人有关乌克兰的声明,2023年5月19日
https://www.state.gov/translations/chinese/secretary-antony-j-blinken-opening-remarks-before-the-senate-committee-on-appropriations-on-the-presidents-fy24-budget-request-zh/,安东尼·布林肯国务卿在参议院拨款委员会就总统2024财年预算提案发表开场陈述：投资于美国的安全和竞争力以及美中关系的未来之路,2023年5月16日
https://www.state.gov/translations/chinese/additional-u-s-security-assistance-for-ukraine-3-zh/,安东尼·布林肯国务卿的声明：美国向乌克兰增加提供安全援助,2023年5月03日
https://www.state.gov/translations/chinese/world-press-freedom-day-2-zh/,安东尼·布林肯国务卿就世界新闻自由日发表声明,2023年5月03日
https://www.state.gov/translations/chinese/statement-from-president-joe-biden-on-the-occasion-of-world-press-freedom-day-2023-zh/,拜登总统在2023年世界新闻自由日之际发表声明,2023年5月03日
https://www.state.gov/translations/chinese/u-s-support-for-the-philippines-in-the-south-china-sea-4-zh/,发言人马修·米勒关于美国在南中国海支持菲律宾的声明,2023年4月29日
https://www.state.gov/translations/chinese/statement-from-president-joe-biden-on-the-situation-in-sudan-zh/,乔·拜登总统关于苏丹局势的声明,2023年4月22日
https://www.state.gov/translations/chinese/apr-17-2023-united-states-will-invest-20-million-further-bolster-transparency-direct-budget-support-provided-government-ukraine-zh/,美国将投入2000万美元以进一步提高向乌克兰政府提供的直接预算支持的透明度,2023年4月17日
https://www.state.gov/translations/chinese/statement-by-national-security-advisor-jake-sullivan-on-historic-actions-against-global-illicit-fentanyl-network-zh/,美国国家安全顾问杰克·沙利文关于对全球非法芬太尼网络采取历史性行动的声明,2023年4月14日
https://www.state.gov/translations/chinese/u-s-actions-targeting-transnational-criminals-for-illicit-fentanyl-activity-zh/,美国针对非法从事芬太尼活动的跨国犯罪分子采取的举措,2023年4月14日
https://www.state.gov/translations/chinese/%e9%a6%96%e5%b8%ad%e5%89%af%e5%8f%91%e8%a8%80%e4%ba%ba%e9%9f%a6%e4%b8%b9%e7%89%b9%c2%b7%e5%b8%95%e7%89%b9%e5%b0%94%e5%85%b3%e4%ba%8e%e4%ba%ba%e6%9d%83%e6%8d%8d%e5%8d%ab%e8%80%85%e8%ae%b8%e5%bf%97/,首席副发言人韦丹特·帕特尔关于人权捍卫者许志永和丁家喜被判刑的声明,2023年4月11日
https://www.state.gov/translations/chinese/%e5%ae%89%e4%b8%9c%e5%b0%bc%c2%b7%e5%b8%83%e6%9e%97%e8%82%af%e5%9b%bd%e5%8a%a1%e5%8d%bf%e7%9a%84%e5%a3%b0%e6%98%8e-%e8%8a%ac%e5%85%b0%e5%8a%a0%e5%85%a5%e5%8c%97%e7%ba%a6/,安东尼·布林肯国务卿的声明 芬兰加入北约,2023年4月04日
https://www.state.gov/translations/chinese/%e5%ae%89%e4%b8%9c%e5%b0%bc%c2%b7%e5%b8%83%e6%9e%97%e8%82%af%e5%9b%bd%e5%8a%a1%e5%8d%bf%ef%bc%9a%e9%a6%99%e6%b8%af%e6%b3%95%e6%b2%bb%e8%a1%b0%e9%80%80/,安东尼·布林肯国务卿：香港法治衰退,2023年3月31日
https://www.state.gov/translations/chinese/%e7%ae%80%e6%8a%a5%ef%bc%9a%e6%8e%a8%e5%8a%a8%e6%8a%80%e6%9c%af%e5%8f%91%e5%b1%95%e4%bb%a5%e4%bf%83%e8%bf%9b%e6%b0%91%e4%b8%bb/,简报：推动技术发展以促进民主,2023年3月31日
https://www.state.gov/translations/chinese/%e5%ae%89%e4%b8%9c%e5%b0%bc%c2%b7%e5%b8%83%e6%9e%97%e8%82%af%e5%9b%bd%e5%8a%a1%e5%8d%bf%e5%9c%a8%e6%b0%91%e4%b8%bb%e5%b3%b0%e4%bc%9a%e4%b8%8a%e7%9a%84%e9%97%ad%e5%b9%95%e8%af%8d/,安东尼·布林肯国务卿在民主峰会上的闭幕词,2023年3月31日
https://www.state.gov/translations/chinese/%e6%8b%9c%e7%99%bb%e6%80%bb%e7%bb%9f%e5%9c%a8%e6%b0%91%e4%b8%bb%e5%b3%b0%e4%bc%9a%e8%a7%86%e9%a2%91%e5%85%a8%e4%bd%93%e4%bc%9a%e8%ae%ae%e4%b8%8a%e5%85%b3%e4%ba%8e%e6%b0%91%e4%b8%bb%e8%83%bd%e5%a4%9f/,拜登总统在民主峰会视频全体会议上关于民主能够针对全球挑战取得成果的讲话,2023年3月29日
https://www.state.gov/translations/chinese/%e6%b0%91%e4%b8%bb%e5%b3%b0%e4%bc%9a%e5%ae%a3%e8%a8%80/,民主峰会宣言,2023年3月29日
https://www.state.gov/translations/chinese/%e7%ae%80%e6%8a%a5%ef%bc%9a%e6%8b%9c%e7%99%bb-%e5%93%88%e9%87%8c%e6%96%af%e6%94%bf%e5%ba%9c%e5%af%b9%e5%9b%bd%e5%86%85%e5%a4%96%e6%b0%91%e4%b8%bb%e5%a4%8d%e5%85%b4%e7%9a%84%e5%9d%9a%e5%ae%9a%e6%89%bf/,简报：拜登-哈里斯政府对国内外民主复兴的坚定承诺,2023年3月29日
https://www.state.gov/translations/chinese/%e5%a6%87%e5%a5%b3%e5%9c%b0%e4%bd%8d%e5%8d%b3%e6%b0%91%e4%b8%bb%e5%9c%b0%e4%bd%8d%ef%bc%9a%e5%9c%a8%e7%ac%ac%e4%ba%8c%e5%b1%8a%e6%b0%91%e4%b8%bb%e5%b3%b0%e4%bc%9a%e4%b8%8a%e6%8f%90%e5%8d%87%e5%a6%87/,妇女地位即民主地位：在第二届民主峰会上提升妇女的政治和公民参与度及领导力,2023年3月28日
https://www.state.gov/translations/chinese/%e5%ae%89%e4%b8%9c%e5%b0%bc%c2%b7%e5%b8%83%e6%9e%97%e8%82%af%e5%9b%bd%e5%8a%a1%e5%8d%bf%e5%b0%b12022%e5%b9%b4%e5%ba%a6%e5%90%84%e5%9b%bd%e4%ba%ba%e6%9d%83%e6%8a%a5%e5%91%8a%e5%8f%91%e8%a1%a8%e8%ae%b2/,安东尼·布林肯国务卿就2022年度各国人权报告发表讲话,2023年3月20日
https://www.state.gov/translations/chinese/%e7%be%8e%e5%9b%bd%e5%90%91%e4%b9%8c%e5%85%8b%e5%85%b0%e5%a2%9e%e5%8a%a0%e6%8f%90%e4%be%9b%e5%86%9b%e4%ba%8b%e6%8f%b4%e5%8a%a9-%e5%ae%89%e4%b8%9c%e5%b0%bc%c2%b7%e5%b8%83%e6%9e%97%e8%82%af%e5%9b%bd/,美国向乌克兰增加提供军事援助 安东尼·布林肯国务卿的声明,2023年3月20日
https://www.state.gov/translations/chinese/%e6%8b%9c%e7%99%bb%e6%80%bb%e7%bb%9f%e5%b0%b1aukus%e4%bc%99%e4%bc%b4%e5%85%b3%e7%b3%bb%e5%8f%91%e8%a1%a8%e8%ae%b2%e8%af%9d/,拜登总统就AUKUS伙伴关系发表讲话,2023年3月13日
https://www.state.gov/translations/chinese/%e5%85%b3%e4%ba%8eaukus%e7%9a%84%e9%a2%86%e5%af%bc%e4%ba%ba%e8%81%94%e5%90%88%e5%a3%b0%e6%98%8e/,关于AUKUS的领导人联合声明,2023年3月13日
https://www.state.gov/translations/chinese/%e7%ae%80%e6%8a%a5%ef%bc%9a%e6%be%b3%e5%a4%a7%e5%88%a9%e4%ba%9a-%e8%8b%b1%e5%9b%bd-%e7%be%8e%e5%9b%bd%e4%b8%89%e6%96%b9%e6%a0%b8%e5%8a%a8%e5%8a%9b%e6%bd%9c%e8%89%87%e4%bc%99%e4%bc%b4%e5%85%b3%e7%b3%bb/,简报：澳大利亚-英国-美国三方核动力潜艇伙伴关系,2023年3月13日
https://www.state.gov/translations/chinese/%e5%ae%89%e4%b8%9c%e5%b0%bc%c2%b7%e5%b8%83%e6%9e%97%e8%82%af%e5%9b%bd%e5%8a%a1%e5%8d%bf%e7%9a%84%e5%a3%b0%e6%98%8e%ef%bc%9a%e7%be%8e%e5%9b%bd%e5%90%91%e4%b9%8c%e5%85%8b%e5%85%b0%e5%a2%9e%e5%8a%a0/,安东尼·布林肯国务卿的声明：美国向乌克兰增加提供军事援助,2023年3月03日
https://www.state.gov/translations/chinese/%e4%bf%84%e7%bd%97%e6%96%af%e5%af%b9%e4%b9%8c%e5%85%8b%e5%85%b0%e6%88%98%e4%ba%89-%e5%b9%b4%e4%b9%8b%e5%90%8e-%e5%9b%bd%e5%8a%a1%e5%8d%bf%e5%ae%89%e4%b8%9c%e5%b0%bc%c2%b7%e5%b8%83/,俄罗斯对乌克兰战争——一年之后,2023年2月24日
https://www.state.gov/translations/chinese/%e7%ae%80%e6%8a%a5%ef%bc%9a%e5%9c%a8%e4%bf%84%e7%bd%97%e6%96%af%e5%85%a5%e4%be%b5%e4%b9%8c%e5%85%8b%e5%85%b0%e4%b8%80%e5%b9%b4%e4%b9%8b%e6%97%b6%ef%bc%8c%e6%8b%9c%e7%99%bb%e6%94%bf%e5%ba%9c%e5%ae%a3/,简报：在俄罗斯入侵乌克兰一年之时，拜登政府宣布采取行动支持乌克兰并追究俄罗斯的罪责,2023年2月24日
https://www.state.gov/translations/chinese/%e6%8b%9c%e7%99%bb%e6%80%bb%e7%bb%9f%e5%9c%a8%e4%bf%84%e7%bd%97%e6%96%af%e9%87%8e%e8%9b%ae%e5%92%8c%e6%97%a0%e7%ab%af%e5%85%a5%e4%be%b5%e4%b9%8c%e5%85%8b%e5%85%b0%e4%b8%80%e5%91%a8%e5%b9%b4%e4%b9%8b/,拜登总统在俄罗斯野蛮和无端入侵乌克兰一周年之际的讲话,2023年2月21日
https://www.state.gov/translations/chinese/%e6%8b%9c%e7%99%bb%e6%80%bb%e7%bb%9f%e5%9c%a8%e8%81%94%e5%a4%a7%e5%ae%a3%e5%b8%83%e5%a2%9e%e5%8a%a0%e6%8f%90%e4%be%9b29%e4%ba%bf%e7%be%8e%e5%85%83%e8%b5%84%e9%87%91%e4%bb%a5%e5%8a%a0%e5%bc%ba%e5%85%a8/,拜登总统在联大宣布增加提供29亿美元资金以加强全球粮食安全,
https://www.state.gov/translations/chinese/%e6%8b%9c%e7%99%bb%e6%80%bb%e7%bb%9f%e5%9c%a8%e7%ac%ac77%e5%b1%8a%e8%81%94%e5%90%88%e5%9b%bd%e5%a4%a7%e4%bc%9a%e4%b8%8a%e7%9a%84%e8%ae%b2%e8%af%9d/,拜登总统在第77届联合国大会上的讲话,
https://www.state.gov/translations/chinese/%e7%ae%80%e6%8a%a5%ef%bc%9a%e7%be%8e%e5%9b%bd%e5%af%b9%e6%92%92%e5%93%88%e6%8b%89%e4%bb%a5%e5%8d%97%e9%9d%9e%e6%b4%b2%e5%9c%b0%e5%8c%ba%e7%9a%84%e7%b2%ae%e9%a3%9f%e5%ae%89%e5%85%a8%e6%8f%b4%e5%8a%a9/,简报：美国对撒哈拉以南非洲地区的粮食安全援助,
https://www.state.gov/translations/chinese/%e5%ae%89%e4%b8%9c%e5%b0%bc%c2%b7%e5%b8%83%e6%9e%97%e8%82%af%e5%9b%bd%e5%8a%a1%e5%8d%bf%e5%8f%91%e8%a1%a8%e8%ae%b2%e8%af%9d-%e8%87%b3%e5%85%b3%e9%87%8d%e8%a6%81%e7%9a%84%e4%bc%99%e4%bc%b4%e4%bb%a5/,安东尼·布林肯国务卿发表讲话 至关重要的伙伴以及共同的重点要务：拜登政府对撒哈拉以南非洲地区的战略,
https://www.state.gov/translations/chinese/%e5%ae%89%e4%b8%9c%e5%b0%bc%c2%b7j%c2%b7%e5%b8%83%e6%9e%97%e8%82%af%e5%9b%bd%e5%8a%a1%e5%8d%bf-%e5%9c%a8%e4%b9%94%e6%b2%bb%c2%b7%e5%8d%8e%e7%9b%9b%e9%a1%bf%e5%a4%a7%e5%ad%a6%e7%9a%84%e8%ae%b2%e8%af%9d/,安东尼·J·布林肯国务卿 在乔治·华盛顿大学的讲话  本届政府对中华人民共和国的方针,
https://www.state.gov/translations/chinese/%e4%b8%83%e5%9b%bd%e9%9b%86%e5%9b%a2%e9%a2%86%e5%af%bc%e4%ba%ba%e5%a3%b0%e6%98%8e/,七国集团领导人声明,
https://www.state.gov/translations/chinese/%e5%af%b9%e6%9b%b4%e5%a4%9a%e4%bf%84%e7%bd%97%e6%96%af%e9%87%91%e8%9e%8d%e6%9c%ba%e6%9e%84%e3%80%81%e5%ae%98%e5%91%98%e5%92%8c%e5%85%b6%e4%bb%96%e4%b8%aa%e4%ba%ba%e5%ae%9e%e6%96%bd%e5%88%b6%e8%a3%81/,对更多俄罗斯金融机构、官员和其他个人实施制裁,
https://www.state.gov/translations/chinese/%e6%96%b0%e9%97%bb%e7%a7%98%e4%b9%a6%e7%8f%8d%c2%b7%e8%8e%8e%e7%90%aa%e5%92%8c%e5%9b%bd%e5%ae%b6%e5%ae%89%e5%85%a8%e9%a1%be%e9%97%ae%e6%9d%b0%e5%85%8b%c2%b7%e6%b2%99%e5%88%a9%e6%96%87%e6%96%b0/,新闻秘书珍·莎琪和国家安全顾问杰克·沙利文新闻通报会,
https://www.state.gov/translations/chinese/%e5%ae%89%e4%b8%9c%e5%b0%bc%c2%b7j%c2%b7%e5%b8%83%e6%9e%97%e8%82%af%e5%9b%bd%e5%8a%a1%e5%8d%bf%e7%9a%84%e5%a3%b0%e6%98%8e-%e5%af%b9%e4%bf%84%e7%bd%97%e6%96%af%e7%a7%91%e6%8a%80%e5%85%ac%e5%8f%b8/,安东尼·J·布林肯国务卿的声明  对俄罗斯科技公司和网络行为者的进一步制裁,
https://www.state.gov/translations/chinese/%e5%89%af%e5%9b%bd%e5%8a%a1%e5%8d%bf%e6%b8%a9%e8%bf%aa%c2%b7%e8%b0%a2%e5%b0%94%e6%9b%bc%e5%9c%a8%e8%81%94%e5%90%88%e5%9b%bd%e5%ae%89%e7%90%86%e4%bc%9a%e5%b0%b1%e4%bf%84%e7%bd%97%e6%96%af%e5%af%b9/,副国务卿温迪·谢尔曼在联合国安理会就俄罗斯对乌克兰发动战争造成的人道影响发表讲话,
https://www.state.gov/translations/chinese/%e7%ae%80%e6%8a%a5%ef%bc%9a%e6%8b%9c%e7%99%bb%e6%94%bf%e5%ba%9c%e5%ae%a3%e5%b8%83%e5%90%91%e4%b9%8c%e5%85%8b%e5%85%b0%e5%8f%8a%e5%91%a8%e8%be%b9%e5%9c%b0%e5%8c%ba%e6%8f%90%e4%be%9b%e6%96%b0%e7%9a%84/,简报：拜登政府宣布向乌克兰及周边地区提供新的人道主义、发展和民主援助,
https://www.state.gov/translations/chinese/%e7%ae%80%e6%8a%a5%ef%bc%9a%e7%be%8e%e5%9b%bd%e4%b8%8e%e7%9b%9f%e5%9b%bd%e5%8f%8a%e5%90%88%e4%bd%9c%e4%bc%99%e4%bc%b4%e8%bf%9b%e4%b8%80%e6%ad%a5%e8%ae%a9%e4%bf%84%e7%bd%97%e6%96%af%e6%89%bf%e5%8f%97/,简报：美国与盟国及合作伙伴进一步让俄罗斯承受代价,
https://www.state.gov/translations/chinese/%e7%90%b3%e8%be%be%c2%b7%e6%89%98%e9%a9%ac%e6%96%af-%e6%a0%bc%e6%9e%97%e8%8f%b2%e5%b0%94%e5%be%b7%e5%a4%a7%e4%bd%bf%e5%9c%a8%e8%81%94%e5%90%88%e5%9b%bd%e5%a4%a7%e4%bc%9a%e4%b9%8c%e5%85%8b%e5%85%b0-2/,琳达·托马斯-格林菲尔德大使在联合国大会乌克兰问题紧急特别会议上的讲话,
https://www.state.gov/translations/chinese/%e5%ae%89%e4%b8%9c%e5%b0%bc%c2%b7j%c2%b7%e5%b8%83%e6%9e%97%e8%82%af%e5%9b%bd%e5%8a%a1%e5%8d%bf%e7%9a%84%e5%a3%b0%e6%98%8e-%e4%bf%83%e8%bf%9b%e5%af%b9%e4%b8%ad%e5%8d%8e%e4%ba%ba%e6%b0%91%e5%85%b1/,安东尼·J·布林肯国务卿的声明 促进对中华人民共和国（PRC）官员跨国压制行为的问责,
https://www.state.gov/translations/chinese/%e5%b0%8f%e7%ba%a6%e7%91%9f%e5%a4%ab%c2%b7r%c2%b7%e6%8b%9c%e7%99%bb%e6%80%bb%e7%bb%9f%e4%b8%8e%e4%b8%ad%e5%8d%8e%e4%ba%ba%e6%b0%91%e5%85%b1%e5%92%8c%e5%9b%bd%e4%b8%bb%e5%b8%ad%e4%b9%a0%e8%bf%91/,小约瑟夫·R·拜登总统与中华人民共和国主席习近平通话纪要,
https://www.state.gov/translations/chinese/%e5%9c%a8%e8%81%94%e5%90%88%e5%9b%bd%e5%ae%89%e7%90%86%e4%bc%9a%e4%bc%9a%e8%ae%ae%e4%b8%8a%e5%8f%91%e8%a1%a8%e7%9a%84%e7%9d%80%e9%87%8d%e4%ba%8e%e4%bf%84%e7%bd%97%e6%96%af%e6%9c%89%e5%85%b3%e4%b9%8c/,在联合国安理会会议上发表的着重于俄罗斯有关乌克兰的虚假信息的联合声明,
https://www.state.gov/translations/chinese/%e7%be%8e%e5%9b%bd%e5%90%91%e5%85%a8%e7%90%83%e6%8d%90%e9%80%815%e4%ba%bf%e5%89%82%e6%96%b0%e5%86%a0%e7%96%ab%e8%8b%97/,美国向全球捐送5亿剂新冠疫苗,
https://www.state.gov/translations/chinese/%e5%90%91%e4%b9%8c%e5%85%8b%e5%85%b0%e4%ba%ba%e6%b0%91%e6%8f%90%e4%be%9b%e8%bf%9b%e4%b8%80%e6%ad%a5%e4%ba%ba%e9%81%93%e6%8f%b4%e5%8a%a9/,向乌克兰人民提供进一步人道援助,
https://www.state.gov/translations/chinese/%e7%ae%80%e6%8a%a5%ef%bc%9a%e7%be%8e%e5%9b%bd%e5%af%b9%e4%b9%8c%e5%85%8b%e5%85%b0%e7%9a%84%e5%ae%89%e5%85%a8%e6%8f%b4%e5%8a%a9/,简报：美国对乌克兰的安全援助,
https://www.state.gov/translations/chinese/%e6%8b%9c%e7%99%bb%e6%80%bb%e7%bb%9f%e5%b0%b1%e5%ae%a3%e5%b8%83%e9%87%87%e5%8f%96%e8%a1%8c%e5%8a%a8%e7%bb%a7%e7%bb%ad%e8%bf%bd%e7%a9%b6%e4%bf%84%e7%bd%97%e6%96%af%e7%9a%84%e8%b4%a3%e4%bb%bb%e5%8f%91/,拜登总统就宣布采取行动继续追究俄罗斯的责任发表讲话,
https://www.state.gov/translations/chinese/%e6%8b%9c%e7%99%bb%e6%80%bb%e7%bb%9f%e5%ae%a3%e5%b8%83%e7%a6%81%e6%ad%a2%e7%be%8e%e5%9b%bd%e8%bf%9b%e5%8f%a3%e4%bf%84%e7%bd%97%e6%96%af%e7%9a%84%e7%9f%b3%e6%b2%b9%e3%80%81%e6%b6%b2%e5%8c%96%e5%a4%a9/,拜登总统宣布禁止美国进口俄罗斯的石油、液化天然气和煤炭,
https://www.state.gov/translations/chinese/%e6%8b%9c%e7%99%bb%e6%80%bb%e7%bb%9f%e5%9c%a8%e5%9b%bd%e9%99%85%e5%a6%87%e5%a5%b3%e8%8a%82%e7%9a%84%e5%a3%b0%e6%98%8e/,拜登总统在国际妇女节的声明,2022年3月08日
https://www.state.gov/translations/chinese/%e5%9b%bd%e9%99%85%e5%a6%87%e5%a5%b3%e8%8a%82%e5%ba%86%e8%b4%ba%e5%85%a8%e7%90%83%e5%a6%87%e5%a5%b3/,国际妇女节庆贺全球妇女,2022年3月08日
https://www.state.gov/translations/chinese/%e7%90%b3%e8%be%be%c2%b7%e6%89%98%e9%a9%ac%e6%96%af-%e6%a0%bc%e6%9e%97%e8%8f%b2%e5%b0%94%e5%be%b7%e5%a4%a7%e4%bd%bf%e5%9c%a8%e8%81%94%e5%90%88%e5%9b%bd%e5%ae%89%e7%90%86%e4%bc%9a%e7%b4%a7%e6%80%a5/,琳达·托马斯-格林菲尔德大使在联合国安理会紧急会议上就乌克兰扎波罗热核电厂情况发表讲话,2022年3月04日
https://www.state.gov/translations/chinese/%e5%af%b9%e4%bf%84%e7%bd%97%e6%96%af%e6%9d%83%e8%b4%b5%e3%80%81%e8%99%9a%e5%81%87%e4%bf%a1%e6%81%af%e6%b8%a0%e9%81%93%e5%92%8c%e5%9b%bd%e9%98%b2%e4%bc%81%e4%b8%9a%e5%ae%9e%e6%96%bd%e5%88%b6%e8%a3%81/,对俄罗斯权贵、虚假信息渠道和国防企业实施制裁,2022年3月03日
https://www.state.gov/translations/chinese/%e7%90%b3%e8%be%be%c2%b7%e6%89%98%e9%a9%ac%e6%96%af-%e6%a0%bc%e6%9e%97%e8%8f%b2%e5%b0%94%e5%be%b7%e5%a4%a7%e4%bd%bf%e5%9c%a8%e8%81%94%e5%90%88%e5%9b%bd%e5%a4%a7%e4%bc%9a%e4%b9%8c%e5%85%8b%e5%85%b0/,琳达·托马斯-格林菲尔德大使在联合国大会乌克兰问题紧急特别会议上的讲话,2022年3月02日
https://www.state.gov/translations/chinese/%e4%b9%94%c2%b7%e6%8b%9c%e7%99%bb%e6%80%bb%e7%bb%9f%e5%9b%bd%e6%83%85%e5%92%a8%e6%96%87%e8%ae%b2%e8%af%9d/,乔·拜登总统国情咨文讲话,2022年3月01日
https://www.state.gov/translations/chinese/%e7%be%8e%e5%9b%bd%e4%b8%ba%e8%a7%a3%e5%86%b3%e5%a1%91%e6%96%99%e6%b1%a1%e6%9f%93%e6%89%80%e9%87%87%e5%8f%96%e7%9a%84%e8%a1%8c%e5%8a%a8/,美国为解决塑料污染所采取的行动,2022年2月28日
https://www.state.gov/translations/chinese/%e5%ae%89%e4%b8%9c%e5%b0%bc%c2%b7%e5%b8%83%e6%9e%97%e8%82%af%e5%9b%bd%e5%8a%a1%e5%8d%bf%e5%a3%b0%e6%98%8e%ef%bc%9a%e5%af%b9%e4%bf%84%e7%bd%97%e6%96%af%e9%87%91%e8%9e%8d%e7%b3%bb%e7%bb%9f%e5%ae%9e/,安东尼·布林肯国务卿声明：对俄罗斯金融系统实施进一步制裁,2022年2月28日
https://www.state.gov/translations/chinese/%e5%85%b3%e4%ba%8e%e5%af%b9%e4%bf%84%e7%bd%97%e6%96%af%e9%87%87%e5%8f%96%e8%bf%9b%e4%b8%80%e6%ad%a5%e9%99%90%e5%88%b6%e6%80%a7%e7%bb%8f%e6%b5%8e%e6%8e%aa%e6%96%bd%e7%9a%84%e8%81%94%e5%90%88%e5%a3%b0/,关于对俄罗斯采取进一步限制性经济措施的联合声明,2022年2月26日
https://www.state.gov/translations/chinese/%e7%ae%80%e6%8a%a5%ef%bc%9a-%e7%be%8e%e5%9b%bd%e4%b8%8e%e7%9b%9f%e5%8f%8b%e5%92%8c%e4%bc%99%e4%bc%b4%e4%b8%80%e9%81%93%e5%af%b9%e4%bf%84%e7%bd%97%e6%96%af%e6%96%bd%e5%8a%a0%e6%9e%81%e5%85%b6%e4%b8%a5/,简报： 美国与盟友和伙伴一道对俄罗斯施加极其严重的代价,2022年2月25日
https://www.state.gov/translations/chinese/%e6%8b%9c%e7%99%bb%e6%80%bb%e7%bb%9f%e5%b0%b1%e4%bf%84%e7%bd%97%e6%96%af%e5%90%91%e4%b9%8c%e5%85%8b%e5%85%b0%e5%8f%91%e5%8a%a8%e6%97%a0%e7%ab%af%e5%8f%8a%e6%97%a0%e7%90%86%e7%9a%84%e6%94%bb%e5%87%bb/,拜登总统就俄罗斯向乌克兰发动无端及无理的攻击发表讲话,2022年2月24日
https://www.state.gov/translations/chinese/%e6%8b%9c%e7%99%bb%e6%80%bb%e7%bb%9f%e5%b0%b1%e4%bf%84%e7%bd%97%e6%96%af%e5%90%91%e4%b9%8c%e5%85%8b%e5%85%b0%e5%8f%91%e8%b5%b7%e6%97%a0%e7%ab%af%e6%97%a0%e7%90%86%e8%bf%9b%e6%94%bb%e5%8f%91%e8%a1%a8/,拜登总统就俄罗斯向乌克兰发起无端无理进攻发表声明,2022年2月23日
https://www.state.gov/translations/chinese/%e6%8b%9c%e7%99%bb%e6%80%bb%e7%bb%9f%e5%8f%91%e8%a1%a8%e8%ae%b2%e8%af%9d%e5%9b%9e%e5%ba%94%e4%bf%84%e7%bd%97%e6%96%af%e5%9c%a8%e4%b9%8c%e5%85%8b%e5%85%b0%e7%9a%84%e8%a1%8c%e5%8a%a8/,拜登总统发表讲话回应俄罗斯在乌克兰的行动,2022年2月22日
https://www.state.gov/translations/chinese/%e6%8b%9c%e7%99%bb%e6%80%bb%e7%bb%9f%e5%8f%91%e8%a1%a8%e8%ae%b2%e8%af%9d%e8%b0%88%e4%bf%84%e7%bd%97%e6%96%af%e5%92%8c%e4%b9%8c%e5%85%8b%e5%85%b0%e5%b1%80%e5%8a%bf%e7%9a%84%e6%9c%80%e6%96%b0%e6%83%85/,拜登总统发表讲话谈俄罗斯和乌克兰局势的最新情况,2022年2月18日
https://www.state.gov/translations/chinese/%e5%ae%89%e4%b8%9c%e5%b0%bc%c2%b7%e5%b8%83%e6%9e%97%e8%82%af%e5%9b%bd%e5%8a%a1%e5%8d%bf%e5%9c%a8%e8%81%94%e5%90%88%e5%9b%bd%e5%ae%89%e7%90%86%e4%bc%9a%e8%b0%88%e4%bf%84%e7%bd%97%e6%96%af%e5%af%b9/,安东尼·布林肯国务卿在联合国安理会谈俄罗斯对和平与安全的威胁,2022年2月17日
https://www.state.gov/translations/chinese/covid-19%e5%85%a8%e7%90%83%e8%a1%8c%e5%8a%a8%e4%bc%9a%e8%ae%ae/,COVID-19全球行动会议,2022年2月14日
https://www.state.gov/translations/chinese/%e5%ae%89%e4%b8%9c%e5%b0%bc%c2%b7%e5%b8%83%e6%9e%97%e8%82%af%e5%9b%bd%e5%8a%a1%e5%8d%bf%e5%9c%a8covid-19%e5%b0%8f%e7%bb%84%e9%83%a8%e9%95%bf%e7%ba%bf%e4%b8%8a%e4%bc%9a%e8%ae%ae%e4%b8%ad%e5%8f%91/,安东尼·布林肯国务卿在COVID-19小组部长线上会议中发表讲话,2022年2月14日
https://www.state.gov/translations/chinese/%e7%ae%80%e6%8a%a5%ef%bc%9a%e7%be%8e%e5%9b%bd%e7%9a%84%e5%8d%b0%e5%a4%aa%e6%88%98%e7%95%a5/,简报：美国的印太战略,2022年2月11日
https://www.state.gov/translations/chinese/%e4%ba%8b%e5%ae%9e%e4%b8%8e%e8%b0%8e%e8%a8%80%ef%bc%9a%e4%bf%84%e7%bd%97%e6%96%af%e7%82%ae%e5%88%b6%e5%85%b3%e4%ba%8e%e4%b9%8c%e5%85%8b%e5%85%b0%e7%9a%84%e8%99%9a%e5%81%87%e4%bf%a1%e6%81%af/,事实与谎言：俄罗斯炮制关于乌克兰的虚假信息,2022年1月24日
https://www.state.gov/translations/chinese/%e4%bf%84%e7%bd%97%e6%96%af%e6%8c%81%e7%bb%ad%e6%95%a3%e5%b8%83%e7%9a%84%e4%ba%94%e5%a4%a7%e8%99%9a%e5%81%87%e4%bf%a1%e6%81%af%e8%a8%80%e8%ae%ba/,俄罗斯持续散布的五大虚假信息言论,2022年1月24日
https://www.state.gov/translations/chinese/%e4%bf%84%e7%bd%97%e6%96%af%e8%bf%9b%e7%8a%af%e4%b9%8c%e5%85%8b%e5%85%b0%e5%8f%8a%e5%85%b6%e4%bb%96%e5%9c%b0%e5%8c%ba%e5%88%a9%e5%ae%b3%e6%94%b8%e5%85%b3/,俄罗斯进犯乌克兰及其他地区利害攸关,2022年1月20日
https://www.state.gov/translations/chinese/%e5%ae%89%e4%b8%9c%e5%b0%bc%c2%b7%e5%b8%83%e6%9e%97%e8%82%af%e5%9b%bd%e5%8a%a1%e5%8d%bf%e5%b0%b1%e4%b8%ad%e5%8d%8e%e4%ba%ba%e6%b0%91%e5%85%b1%e5%92%8c%e5%9b%bd%e5%88%b6%e8%a3%81%e7%be%8e%e5%9b%bd/,安东尼·布林肯国务卿就中华人民共和国制裁美国官员发表声明,2022年1月10日
https://www.state.gov/translations/chinese/%e5%ae%89%e4%b8%9c%e5%b0%bc%c2%b7%e5%b8%83%e6%9e%97%e8%82%af%e5%9b%bd%e5%8a%a1%e5%8d%bf%e5%b0%b1%e7%ad%be%e7%bd%b2%e9%98%b2%e6%ad%a2%e5%bc%ba%e8%bf%ab%e7%bb%b4%e5%90%be%e5%b0%94%e4%ba%ba%e5%8a%b3/,安东尼·布林肯国务卿就签署防止强迫维吾尔人劳动法发表声明,2021年12月23日
https://www.state.gov/translations/chinese/%e5%ae%89%e4%b8%9c%e5%b0%bc%c2%b7%e5%b8%83%e6%9e%97%e8%82%af%e5%9b%bd%e5%8a%a1%e5%8d%bf%e5%9c%a8%e8%ae%b0%e8%80%85%e4%bc%9a%e4%b8%8a%e5%8f%91%e8%a1%a8%e8%ae%b2%e8%af%9d/,安东尼·布林肯国务卿在记者会上发表讲话,2021年12月22日
https://www.state.gov/translations/chinese/%e5%ae%89%e4%b8%9c%e5%b0%bc%c2%b7%e5%b8%83%e6%9e%97%e8%82%af%e5%9b%bd%e5%8a%a1%e5%8d%bf%e5%a3%b0%e6%98%8e%ef%bc%9a%e5%85%b3%e4%ba%8e%e9%a6%99%e6%b8%af%e7%ab%8b%e6%b3%95%e4%bc%9a%e9%80%89%e4%b8%be/,安东尼·布林肯国务卿声明：关于香港立法会选举的联合声明,2021年12月20日
https://www.state.gov/translations/chinese/%e5%ae%89%e4%b8%9c%e5%b0%bc%c2%b7%e5%b8%83%e6%9e%97%e8%82%af%e5%9b%bd%e5%8a%a1%e5%8d%bf%e5%85%b3%e4%ba%8e%e5%8f%91%e5%b8%83-%e3%80%8a2020-%e5%b9%b4%e5%90%84%e5%9b%bd%e5%8f%8d%e6%81%90%e6%80%96/,安东尼·布林肯国务卿关于发布 《2020 年各国反恐怖主义报告》的讲话,2021年12月16日
https://www.state.gov/translations/chinese/%e5%ae%89%e4%b8%9c%e5%b0%bc%c2%b7%e5%b8%83%e6%9e%97%e8%82%af%e5%9b%bd%e5%8a%a1%e5%8d%bf%e8%ae%b2%e8%af%9d%ef%bc%9a%e4%b8%80%e4%b8%aa%e8%87%aa%e7%94%b1%e5%bc%80%e6%94%be%e7%9a%84%e5%8d%b0/,安东尼·布林肯国务卿讲话：“一个自由开放的印太地区”,2021年12月14日
https://www.state.gov/translations/chinese/%e6%8b%9c%e7%99%bb%e6%80%bb%e7%bb%9f%e5%9c%a8%e6%b0%91%e4%b8%bb%e5%b3%b0%e4%bc%9a%e9%97%ad%e5%b9%95%e4%bc%9a%e4%b8%8a%e7%9a%84%e8%ae%b2%e8%af%9d/,拜登总统在民主峰会闭幕会上的讲话,2021年12月10日
https://www.state.gov/translations/chinese/%e6%8b%9c%e7%99%bb%e6%80%bb%e7%bb%9f%e5%9c%a8%e6%b0%91%e4%b8%bb%e5%b3%b0%e4%bc%9a%e5%bc%80%e5%b9%95%e4%bc%9a%e8%ae%ae%e4%b8%8a%e7%9a%84%e8%ae%b2%e8%af%9d/,拜登总统在民主峰会开幕会议上的讲话,2021年12月09日
https://www.state.gov/translations/chinese/%e5%9b%bd%e5%8a%a1%e5%8d%bf%e5%ae%89%e4%b8%9c%e5%b0%bc%c2%b7%e5%b8%83%e6%9e%97%e8%82%af%e5%9c%a8%e7%ba%bf%e4%b8%8a%e6%b0%91%e4%b8%bb%e5%b3%b0%e4%bc%9a%e9%a2%86%e5%af%bc%e4%ba%ba%e5%85%a8%e4%bd%93/,国务卿安东尼·布林肯在线上民主峰会领导人全体会议上的开场致辞,2021年12月09日
https://www.state.gov/translations/chinese/%e5%8f%91%e8%a8%80%e4%ba%ba%e5%86%85%e5%be%b7%c2%b7%e6%99%ae%e8%b5%96%e6%96%af%e5%85%b3%e4%ba%8e%e5%8d%97%e4%b8%ad%e5%9b%bd%e6%b5%b7%e5%b1%80%e5%8a%bf%e7%9a%84%e5%a3%b0%e6%98%8e/,发言人内德·普赖斯关于南中国海局势的声明,2021年11月19日
https://www.state.gov/translations/chinese/%e6%8b%9c%e7%99%bb%e6%80%bb%e7%bb%9f%e4%b8%8e%e4%b8%ad%e5%8d%8e%e4%ba%ba%e6%b0%91%e5%85%b1%e5%92%8c%e5%9b%bd%e4%b8%bb%e5%b8%ad%e4%b9%a0%e8%bf%91%e5%b9%b3%e5%9c%a8%e4%b8%be%e8%a1%8c%e8%a7%86%e9%a2%91/,拜登总统与中华人民共和国主席习近平在举行视频会晤前的讲话,2021年11月15日
https://www.state.gov/translations/chinese/%e5%9b%bd%e5%8a%a1%e5%8d%bf%e5%ae%89%e4%b8%9c%e5%b0%bc%c2%b7%e5%b8%83%e6%9e%97%e8%82%af%e5%9c%a8%e7%ba%bf%e4%b8%8acovid-19%e9%83%a8%e9%95%bf%e7%ba%a7%e4%bc%9a%e8%ae%ae%e4%b8%8a%e7%9a%84%e8%ae%b2/,国务卿安东尼·布林肯在线上COVID-19部长级会议上的讲话,2021年11月10日
https://www.state.gov/translations/chinese/%e7%ae%80%e6%8a%a5%ef%bc%9a%e7%be%8e%e5%9b%bd%e5%9c%a8%e4%b8%96%e7%95%8c%e9%a2%86%e5%af%bc%e4%ba%ba%e5%85%b3%e4%ba%8e%e6%a3%ae%e6%9e%97%e5%92%8c%e5%9c%9f%e5%9c%b0%e4%bd%bf%e7%94%a8%e6%b4%bb%e5%8a%a8/,简报：美国在世界领导人关于森林和土地使用活动上的数项宣布,2021年11月03日
https://www.state.gov/translations/chinese/%e6%8b%9c%e7%99%bb%e6%80%bb%e7%bb%9f%e5%9c%a8%e6%a3%ae%e6%9e%97%e5%92%8c%e5%9c%9f%e5%9c%b0%e4%bd%bf%e7%94%a8%e8%a1%8c%e5%8a%a8%e6%b4%bb%e5%8a%a8%e4%b8%8a%e7%9a%84%e8%ae%b2%e8%af%9d/,拜登总统在“森林和土地使用行动”活动上的讲话,2021年11月02日
https://www.state.gov/translations/chinese/%e6%8b%9c%e7%99%bb%e6%80%bb%e7%bb%9f%e5%9c%a8%e7%ac%ac26%e5%b1%8a%e8%81%94%e5%90%88%e5%9b%bd%e6%b0%94%e5%80%99%e5%8f%98%e5%8c%96%e5%a4%a7%e4%bc%9a%e9%a2%86%e5%af%bc%e4%ba%ba%e5%a3%b0%e6%98%8e%e6%b4%bb/,拜登总统在第26届联合国气候变化大会领导人声明活动上的讲话,2021年11月01日
https://www.state.gov/translations/chinese/%e7%be%8e%e5%9b%bd%e5%9b%bd%e5%8a%a1%e5%8d%bf%e5%ae%89%e4%b8%9c%e5%b0%bc%c2%b7%e5%b8%83%e6%9e%97%e8%82%af-%e5%9c%a8%e7%ac%ac26%e5%b1%8a%e8%81%94%e5%90%88%e5%9b%bd%e6%b0%94%e5%80%99%e5%8f%98%e5%8c%96/,美国国务卿安东尼·布林肯  在第26届联合国气候变化大会美国中心启动仪式上发表讲话,2021年11月01日
https://www.state.gov/translations/chinese/%e5%ae%89%e4%b8%9c%e5%b0%bc%c2%b7%e5%b8%83%e6%9e%97%e8%82%af%e5%9b%bd%e5%8a%a1%e5%8d%bf%e5%b0%b1%e6%94%af%e6%8c%81%e5%8f%b0%e6%b9%be%e5%8f%82%e4%b8%8e%e8%81%94%e5%90%88%e5%9b%bd%e7%b3%bb%e7%bb%9f/,安东尼·布林肯国务卿就支持台湾参与联合国系统发表声明,2021年10月26日
https://www.state.gov/translations/chinese/%e7%ae%80%e6%8a%a5%ef%bc%9a%e6%8b%9c%e7%99%bb%e6%94%bf%e5%ba%9c%e5%b0%b1%e5%ae%9e%e6%96%bd%e4%b8%80%e4%b8%aa%e6%9b%b4%e5%ae%89%e5%85%a8%e3%80%81%e6%9b%b4%e4%b8%a5%e6%a0%bc%e7%9a%84%e5%9b%bd%e9%99%85/,简报：拜登政府就实施一个更安全、更严格的国际航空旅行制度发布补充细则,2021年10月25日
https://www.state.gov/translations/chinese/%e5%ae%89%e4%b8%9c%e5%b0%bc%c2%b7%e5%b8%83%e6%9e%97%e8%82%af%e5%9b%bd%e5%8a%a1%e5%8d%bf%e5%b0%b1%e5%89%8d%e5%9b%bd%e5%8a%a1%e5%8d%bf%e7%a7%91%e6%9e%97%c2%b7%e9%b2%8d%e5%a8%81%e5%b0%94%e8%be%9e/,安东尼·布林肯国务卿就前国务卿科林·鲍威尔辞世发表讲话,2021年10月18日
https://www.state.gov/translations/chinese/%e5%ae%89%e4%b8%9c%e5%b0%bc%c2%b7%e5%b8%83%e6%9e%97%e8%82%af%e5%9b%bd%e5%8a%a1%e5%8d%bf%e5%92%8c%e7%bb%8f%e6%b5%8e%e5%90%88%e4%bd%9c%e4%b8%8e%e5%8f%91%e5%b1%95%e7%bb%84%e7%bb%87%e7%a7%98%e4%b9%a6/,安东尼·布林肯国务卿和经济合作与发展组织秘书长马蒂亚斯·科尔曼联合举行记者会,2021年10月06日
https://www.state.gov/translations/chinese/%e5%ae%89%e4%b8%9c%e5%b0%bc%c2%b7%e5%b8%83%e6%9e%97%e8%82%af%e5%9b%bd%e5%8a%a1%e5%8d%bf%e5%9c%a8%e7%bb%8f%e6%b5%8e%e5%90%88%e4%bd%9c%e4%b8%8e%e5%8f%91%e5%b1%95%e7%bb%84%e7%bb%87%e8%87%b4%e5%bc%80/,安东尼·布林肯国务卿在经济合作与发展组织致开幕辞并发表主旨演讲,2021年10月05日
https://www.state.gov/translations/chinese/%e5%ae%89%e4%b8%9c%e5%b0%bc%c2%b7%e5%b8%83%e6%9e%97%e8%82%af%e5%9b%bd%e5%8a%a1%e5%8d%bf%e5%9c%a8%e8%81%94%e5%90%88%e5%9b%bd%e5%ae%89%e7%90%86%e4%bc%9a%e6%b0%94%e5%80%99%e4%b8%8e%e5%ae%89%e5%85%a8/,安东尼·布林肯国务卿在联合国安理会气候与安全会议上发表讲话,2021年9月23日
https://www.state.gov/translations/chinese/%e5%93%88%e9%87%8c%e6%96%af%e5%89%af%e6%80%bb%e7%bb%9f%e5%9c%a8%e5%85%a8%e7%90%83%e6%8a%97%e5%87%bb%e6%96%b0%e5%86%a0%e7%97%85%e6%af%92%ef%bc%88covid-19%ef%bc%89%e8%99%9a%e6%8b%9f%e5%b3%b0%e4%bc%9a/,哈里斯副总统在全球抗击新冠病毒（COVID-19）虚拟峰会上的致辞,2021年9月22日
https://www.state.gov/translations/chinese/%e6%8b%9c%e7%99%bb%e6%80%bb%e7%bb%9f%e5%9c%a8%e7%ba%bf%e4%b8%8a%e5%85%a8%e7%90%83covid-19%e5%b3%b0%e4%bc%9a%e5%8f%91%e8%a1%a8%e8%ae%b2%e8%af%9d/,拜登总统在线上全球COVID-19峰会发表讲话,2021年9月22日
https://www.state.gov/translations/chinese/%e6%8b%9c%e7%99%bb%e6%80%bb%e7%bb%9f%e5%9c%a8%e7%ac%ac76%e5%b1%8a%e8%81%94%e5%90%88%e5%9b%bd%e5%a4%a7%e4%bc%9a%e4%b8%8a%e7%9a%84%e8%ae%b2%e8%af%9d/,拜登总统在第76届联合国大会上的讲话,2021年9月21日
https://www.state.gov/translations/chinese/%e6%8b%9c%e7%99%bb%e6%80%bb%e7%bb%9f%e5%9c%a8%e4%b8%bb%e8%a6%81%e7%bb%8f%e6%b5%8e%e4%bd%93%e8%83%bd%e6%ba%90%e5%92%8c%e6%b0%94%e5%80%99%e8%ae%ba%e5%9d%9b%e7%ba%bf%e4%b8%8a%e4%bc%9a%e8%ae%ae%e5%8f%91/,拜登总统在主要经济体能源和气候论坛线上会议发表讲话,2021年9月17日
https://www.state.gov/translations/chinese/%e5%85%b3%e4%ba%8eaukus%e7%9a%84%e4%b8%89%e5%9b%bd%e9%a6%96%e8%84%91%e8%81%94%e5%90%88%e5%a3%b0%e6%98%8e/,关于AUKUS的三国首脑联合声明,2021年9月15日
https://www.state.gov/translations/chinese/%e5%ae%89%e4%b8%9c%e5%b0%bc%c2%b7%e5%b8%83%e6%9e%97%e8%82%af%e5%9b%bd%e5%8a%a1%e5%8d%bf%e5%b0%b1%e9%98%bf%e5%af%8c%e6%b1%97%e9%97%ae%e9%a2%98%e5%8f%91%e8%a1%a8%e8%ae%b2%e8%af%9d/,安东尼·布林肯国务卿就阿富汗问题发表讲话,2021年8月30日
https://www.state.gov/translations/chinese/%e5%9b%bd%e5%8a%a1%e5%8d%bf%e5%ae%89%e4%b8%9c%e5%b0%bc%c2%b7j%c2%b7%e5%b8%83%e6%9e%97%e8%82%af%e5%b0%b1%e9%98%bf%e5%af%8c%e6%b1%97%e5%b1%80%e5%8a%bf%e5%8f%91%e8%a1%a8%e8%ae%b2%e8%af%9d/,国务卿安东尼·J·布林肯就阿富汗局势发表讲话,2021年8月25日
https://www.state.gov/translations/chinese/%e6%80%bb%e7%bb%9f%e6%b0%94%e5%80%99%e5%8f%98%e5%8c%96%e4%ba%8b%e5%8a%a1%e7%89%b9%e4%bd%bf%e7%ba%a6%e7%bf%b0%c2%b7%e5%85%8b%e9%87%8c%ef%bc%88john-kerry%ef%bc%89-%e5%85%b3%e4%ba%8e%e5%85%a8%e7%90%83/,总统气候变化事务特使约翰·克里（John Kerry） 关于全球气候行动紧迫性的讲话 伦敦邱园皇家植物园,2021年7月20日
https://www.state.gov/translations/chinese/%e5%9b%bd%e5%8a%a1%e5%8d%bf%e5%ae%89%e4%b8%9c%e5%b0%bc%c2%b7%e5%b8%83%e6%9e%97%e8%82%af%e5%b0%b1%e5%ba%94%e5%af%b9%e4%b8%ad%e5%8d%8e%e4%ba%ba%e6%b0%91%e5%85%b1%e5%92%8c%e5%9b%bd%e5%9c%a8%e7%bd%91/,国务卿安东尼·布林肯就应对中华人民共和国在网络空间破坏稳定和不负责的行为发表声明,2021年7月19日
https://www.state.gov/translations/chinese/%e7%ae%80%e6%8a%a5-%e9%a6%99%e6%b8%af%e5%b7%a5%e5%95%86%e5%92%a8%e8%af%a2%e5%85%ac%e5%91%8a/,简报 香港工商咨询公告,2021年7月16日
https://www.state.gov/translations/chinese/%e6%80%bb%e7%bb%9f%e7%ba%a6%e7%91%9f%e5%a4%ab%c2%b7%e6%8b%9c%e7%99%bb%e5%b0%b1%e8%81%8c%e6%bc%94%e8%af%b4/,总统约瑟夫·拜登就职演说,2021年1月20日
https://www.state.gov/translations/chinese/2021%e5%b9%b4%e5%8f%97%e5%a5%b4%e5%bd%b9%e6%b0%91%e6%97%8f%e5%91%a8-%e7%be%8e%e5%88%a9%e5%9d%9a%e5%90%88%e4%bc%97%e5%9b%bd%e6%80%bb%e7%bb%9f%e5%85%ac%e5%91%8a/,2021年受奴役民族周 美利坚合众国总统公告,2021年7月16日
https://www.state.gov/translations/chinese/%e7%ae%80%e6%8a%a5-%e8%81%94%e5%90%88%e5%9b%bd%e4%ba%ba%e6%9d%83%e7%90%86%e4%ba%8b%e4%bc%9a%e7%ac%ac47%e5%b1%8a%e4%bc%9a%e8%ae%ae%e4%b8%bb%e8%a6%81%e6%88%90%e6%9e%9c/,简报 联合国人权理事会第47届会议主要成果,2021年7月14日
https://www.state.gov/translations/chinese/%e5%9b%bd%e5%8a%a1%e5%8d%bf%e5%ae%89%e4%b8%9c%e5%b0%bc%c2%b7%e5%b8%83%e6%9e%97%e8%82%af%e5%b0%b1%e6%96%b0%e7%96%86%e4%be%9b%e5%ba%94%e9%93%be%e5%b7%a5%e5%95%86%e5%92%a8%e8%af%a2%e5%85%ac%e5%91%8a/,国务卿安东尼·布林肯就新疆供应链工商咨询公告增订问题发表声明,2021年7月13日
https://www.state.gov/translations/chinese/%e5%9b%bd%e5%8a%a1%e5%8d%bf%e5%ae%89%e4%b8%9c%e5%b0%bc%c2%b7%e5%b8%83%e6%9e%97%e8%82%af%e5%8f%91%e8%a1%a8%e5%a3%b0%e6%98%8e-%e7%be%8e%e5%9b%bd%e4%b8%ba%e4%ba%ba%e6%9d%83%e4%ba%8b%e5%8a%a1%e5%92%8c/,国务卿安东尼·布林肯发表声明 美国为人权事务和制止系统性种族主义发挥领导作用,2021年7月13日
https://www.state.gov/translations/chinese/%e6%8b%9c%e7%99%bb%e6%80%bb%e7%bb%9f%e5%b0%b1%e7%be%8e%e5%86%9b%e6%92%a4%e5%87%ba%e9%98%bf%e5%af%8c%e6%b1%97%e9%97%ae%e9%a2%98%e5%8f%91%e8%a1%a8%e8%ae%b2%e8%af%9d/,拜登总统就美军撤出阿富汗问题发表讲话,2021年7月08日
https://www.state.gov/translations/chinese/%e7%ae%80%e6%8a%a5-%e7%be%8e%e5%9b%bd%e5%af%b9%e6%96%b0%e7%96%86%e5%bc%ba%e8%bf%ab%e5%8a%b3%e5%8a%a8%e8%a1%8c%e4%b8%ba%e9%87%87%e5%8f%96%e6%96%b0%e7%9a%84%e8%a1%8c%e5%8a%a8/,简报: 美国对新疆强迫劳动行为采取新的行动,2021年6月24日
https://www.state.gov/translations/chinese/%e7%ae%80%e6%8a%a5-%e6%8b%9c%e7%99%bb-%e5%93%88%e9%87%8c%e6%96%af%e6%94%bf%e5%ba%9c%e5%ae%a3%e5%b8%835500%e4%b8%87%e5%89%82%e7%96%ab%e8%8b%97%e5%85%a8%e7%90%83%e5%85%b1%e4%ba%ab%e9%85%8d%e5%8f%91/,"简报: 拜登-哈里斯政府宣布5,500万剂疫苗全球共享配发方案",2021年6月21日
https://www.state.gov/translations/chinese/%e6%8b%9c%e7%99%bb%e6%80%bb%e7%bb%9f%e5%9c%a8%e8%ae%b0%e8%80%85%e4%bc%9a%e4%b8%8a%e5%8f%91%e8%a1%a8%e8%ae%b2%e8%af%9d-2/,拜登总统在记者会上发表讲话,2021年6月16日
https://www.state.gov/translations/chinese/%e6%8b%9c%e7%99%bb%e6%80%bb%e7%bb%9f%e5%9c%a8%e8%ae%b0%e8%80%85%e4%bc%9a%e4%b8%8a%e5%8f%91%e8%a1%a8%e8%ae%b2%e8%af%9d/,拜登总统在记者会上发表讲话,2021年6月13日
https://www.state.gov/translations/chinese/%e7%ae%80%e6%8a%a5%ef%bc%9a7%e5%9b%bd%e9%9b%86%e5%9b%a2%e5%b0%86%e5%ae%a3%e5%b8%83%e5%b0%b1%e5%85%a8%e7%90%83%e4%be%9b%e5%ba%94%e9%93%be%e4%b8%ad%e7%9a%84%e5%bc%ba%e5%88%b6%e5%8a%b3%e5%8a%a8%e3%80%81/,简报：7国集团将宣布就全球供应链中的强制劳动、反腐败及勒索软件问题采取联合行动,2021年6月13日
https://www.state.gov/translations/chinese/%e7%be%8e%e5%9b%bd%e5%92%8cg7%e4%bc%99%e4%bc%b4%e5%b0%86%e4%b8%ba%e4%b8%96%e7%95%8c%e6%8f%90%e4%be%9b20%e5%a4%9a%e4%ba%bf%e5%89%82%e7%96%ab%e8%8b%97/,美国和G7+伙伴将为世界提供20多亿剂疫苗,2021年6月13日
https://www.state.gov/translations/chinese/%e7%ae%80%e6%8a%a5%ef%bc%9a-%e5%85%b3%e4%ba%8e%e9%98%b2%e8%8c%83%e5%a4%96%e5%9b%bd%e5%af%b9%e7%ab%8b%e6%96%b9%e4%be%b5%e7%8a%af%e7%be%8e%e5%9b%bd%e6%95%8f%e6%84%9f%e6%95%b0%e6%8d%ae%e7%9a%84%e8%a1%8c/,简报： 关于防范外国对立方侵犯美国敏感数据的行政命令,2021年6月09日
https://www.state.gov/translations/chinese/%e4%b9%94%c2%b7%e6%8b%9c%e7%99%bb%e6%80%bb%e7%bb%9f%e5%b0%b1%e4%bb%96%e7%9a%84%e6%ac%a7%e6%b4%b2%e4%b9%8b%e8%a1%8c%e5%8f%91%e8%a1%a8%e8%af%84%e8%ae%ba/,乔·拜登总统就他的欧洲之行发表评论,2021年6月07日
https://www.state.gov/translations/chinese/%e7%be%8e%e5%88%a9%e5%9d%9a%e5%90%88%e4%bc%97%e5%9b%bd%e6%80%bb%e7%bb%9f%e5%85%ac%e5%91%8a-2021%e5%b9%b4%e7%94%b7%e5%a5%b3%e5%90%8c%e6%80%a7%e6%81%8b%e3%80%81%e5%8f%8c%e6%80%a7%e6%81%8b%e3%80%81/,美利坚合众国总统公告 2021年男女同性恋、双性恋、跨性别者和酷儿骄傲月,2021年6月06日
https://www.state.gov/translations/chinese/%e5%a4%a9%e5%ae%89%e9%97%a832%e5%91%a8%e5%b9%b4%e7%ba%aa%e5%bf%b5%e6%97%a5/,天安门32周年纪念日,2021年6月03日
https://www.state.gov/translations/chinese/%e7%be%8e%e5%88%a9%e5%9d%9a%e5%90%88%e4%bc%97%e5%9b%bd%e6%80%bb%e7%bb%9f%e5%8f%91%e5%b8%83-2021%e5%b9%b4%e5%85%a8%e5%9b%bd%e7%a7%bb%e6%b0%91%e4%bc%a0%e7%bb%9f%e6%9c%88%e5%85%ac%e5%91%8a/,美利坚合众国总统发布 2021年全国移民传统月公告,2021年6月03日
https://www.state.gov/%e4%b9%94%c2%b7%e6%8b%9c%e7%99%bb%e6%80%bb%e7%bb%9f%e5%b0%b1%e5%85%a8%e7%90%83%e7%96%ab%e8%8b%97%e5%8f%91%e6%94%be%e4%ba%8b%e5%ae%9c%e5%8f%91%e8%a1%a8%e5%a3%b0%e6%98%8e/,乔·拜登总统就全球疫苗发放事宜发表声明,2021年6月03日
https://www.state.gov/translations/chinese/%e5%9b%bd%e5%8a%a1%e5%8d%bf%e5%ae%89%e4%b8%9c%e5%b0%bc%c2%b7%e5%b8%83%e6%9e%97%e8%82%af%e5%b0%b1%e9%a6%99%e6%b8%af%e6%b0%91%e4%b8%bb%e8%a2%ab%e5%89%a5%e5%a4%ba%e5%8f%91%e8%a1%a8%e5%a3%b0%e6%98%8e/,国务卿安东尼·布林肯就香港民主被剥夺发表声明,2021年5月27日
https://www.state.gov/translations/chinese/%e4%b9%94%c2%b7%e6%8b%9c%e7%99%bb%e6%80%bb%e7%bb%9f%e5%b0%b1covid-19%e6%96%b0%e5%86%a0%e7%96%ab%e6%83%85%e6%ba%af%e6%ba%90%e8%b0%83%e6%9f%a5%e5%b7%a5%e4%bd%9c%e5%8f%91%e8%a1%a8%e5%a3%b0%e6%98%8e/,乔·拜登总统就COVID-19新冠疫情溯源调查工作发表声明,2021年5月27日
https://www.state.gov/translations/chinese/%e6%8b%9c%e7%99%bb%e6%80%bb%e7%bb%9f%e5%9c%a8%e7%be%8e%e5%9b%bd%e6%b5%b7%e5%b2%b8%e8%ad%a6%e5%8d%ab%e9%98%9f%e5%ad%a6%e9%99%a2140%e5%b1%8a%e6%af%95%e4%b8%9a%e5%85%b8%e7%a4%bc%e4%b8%8a%e5%8f%91/,拜登总统在美国海岸警卫队学院140届毕业典礼上发表讲话,2021年5月19日
https://www.state.gov/translations/chinese/%e6%8b%9c%e7%99%bb%e6%80%bb%e7%bb%9f%e5%b0%b1%e5%ba%94%e5%af%b9covid-19%e6%96%b0%e5%86%a0%e7%97%85%e6%af%92%e7%96%ab%e6%83%85%e5%92%8c%e7%96%ab%e8%8b%97%e6%8e%a5%e7%a7%8d%e8%ae%a1%e5%88%92%e5%8f%91/,拜登总统就应对COVID-19新冠病毒疫情和疫苗接种计划发表讲话,2021年5月17日
https://www.state.gov/translations/chinese/%e5%9b%bd%e5%8a%a1%e5%8d%bf%e5%ae%89%e4%b8%9c%e5%b0%bc%c2%b7%e5%b8%83%e6%9e%97%e8%82%af%e5%b0%b1%e5%8f%91%e5%b8%832020%e5%b9%b4%e5%ba%a6%e5%9b%bd%e9%99%85%e5%ae%97%e6%95%99%e8%87%aa%e7%94%b1%e6%8a%a5/,国务卿安东尼·布林肯就发布2020年度国际宗教自由报告发表讲话,2021年5月12日
https://www.state.gov/translations/chinese/%e5%9b%bd%e5%8a%a1%e5%8d%bf%e5%ae%89%e4%b8%9c%e5%b0%bc%c2%b7%e5%b8%83%e6%9e%97%e8%82%af%e6%9c%89%e5%85%b3%e8%ae%a4%e5%ae%9a%e4%b8%ad%e5%9b%bd%e5%85%b1%e4%ba%a7%e5%85%9a%e5%ae%98%e5%91%98%e5%8f%82/,国务卿安东尼·布林肯有关认定中国共产党官员参与严重侵犯人权的行径,2021年5月12日
https://www.state.gov/translations/chinese/%e8%ae%b2%e8%af%9d-%e5%9b%bd%e5%8a%a1%e5%8d%bf%e5%ae%89%e4%b8%9c%e5%b0%bc%c2%b7%e5%b8%83%e6%9e%97%e8%82%af-%e5%9c%a8%e8%81%94%e5%90%88%e5%9b%bd%e5%ae%89%e7%90%86%e4%bc%9a%e5%a4%9a%e8%be%b9%e4%b8%bb/,讲话 国务卿安东尼·布林肯 在联合国安理会多边主义问题公开辩论会上发表视讯讲话,2021年5月07日
https://www.state.gov/translations/chinese/%e6%8b%9c%e7%99%bb%e6%80%bb%e7%bb%9f%e5%af%b9%e5%9b%bd%e4%bc%9a%e4%b8%a4%e9%99%a2%e8%81%94%e5%b8%ad%e4%bc%9a%e8%ae%ae%e5%8f%91%e8%a1%a8%e8%ae%b2%e8%af%9d/,拜登总统对国会两院联席会议发表讲话,2021年4月28日
https://www.state.gov/translations/chinese/%e6%a6%82%e8%bf%b0%ef%bc%9a%e7%be%8e%e5%9b%bd%e5%9b%bd%e9%99%85%e6%b0%94%e5%80%99%e8%9e%8d%e8%b5%84%e8%ae%a1%e5%88%92/,概述：美国国际气候融资计划,2021年4月22日
https://www.state.gov/translations/chinese/%e6%8b%9c%e7%99%bb%e6%80%bb%e7%bb%9f%e5%9c%a8%e6%b0%94%e5%80%99%e9%97%ae%e9%a2%98%e9%a2%86%e5%af%bc%e4%ba%ba%e5%b3%b0%e4%bc%9a%e7%bd%91%e7%bb%9c%e4%bc%9a%e8%ae%ae%e5%bc%80%e5%b9%95%e5%bc%8f%e4%b8%8a/,拜登总统在气候问题领导人峰会网络会议开幕式上发表致辞,2021年4月22日
https://www.state.gov/translations/chinese/%e5%9b%bd%e5%8a%a1%e5%8d%bf%e5%ae%89%e4%b8%9c%e5%b0%bc%c2%b7%e5%b8%83%e6%9e%97%e8%82%af-%e6%b0%94%e5%80%99%e9%97%ae%e9%a2%98%e9%a2%86%e5%af%bc%e4%ba%ba%e5%b3%b0%e4%bc%9a%e7%bd%91%e7%bb%9c%e4%bc%9a/,国务卿安东尼·布林肯 气候问题领导人峰会网络会议开幕致词,2021年4月22日
https://www.state.gov/translations/chinese/%e5%9b%bd%e5%8a%a1%e5%8d%bf%e5%ae%89%e4%b8%9c%e5%b0%bc%c2%b7%e5%b8%83%e6%9e%97%e8%82%af%e5%92%8c%e6%b0%94%e5%80%99%e9%97%ae%e9%a2%98%e6%80%bb%e7%bb%9f%e7%89%b9%e4%bd%bf%e7%ba%a6%e7%bf%b0%c2%b7/,国务卿安东尼·布林肯和气候问题总统特使约翰·克里将出席气候问题领导人峰会,2021年4月21日
https://www.state.gov/translations/chinese/%e5%9b%bd%e5%8a%a1%e5%8d%bf%e5%ae%89%e4%b8%9c%e5%b0%bc%c2%b7%e5%b8%83%e6%9e%97%e8%82%af%ef%bc%88antony-j-blinken%ef%bc%89%e5%9c%a8%e5%88%87%e8%90%a8%e7%9a%ae%e5%85%8b%e6%b9%be%e5%9f%ba%e9%87%91/,国务卿安东尼·布林肯（Antony J. Blinken）在切萨皮克湾基金会（Chesapeake Bay Foundation）发表讲话： “应对危机，抓住时机：发挥美国在全球气候问题上的领导作用”,2021年4月19日
https://www.state.gov/translations/chinese/%e6%8b%9c%e7%99%bb%e6%80%bb%e7%bb%9f%e5%b0%b1%e9%98%bf%e5%af%8c%e6%b1%97%e9%97%ae%e9%a2%98%e7%9a%84%e5%89%8d%e6%99%af%e5%8f%91%e8%a1%a8%e8%ae%b2%e8%af%9d/,拜登总统就阿富汗问题的前景发表讲话,2021年4月14日
https://www.state.gov/translations/chinese/%e5%9b%bd%e5%8a%a1%e5%8d%bf%e5%ae%89%e4%b8%9c%e5%b0%bc%c2%b7%e5%b8%83%e6%9e%97%e8%82%af%e5%9c%a8%e8%81%94%e5%90%88%e5%9b%bd%e5%ae%89%e7%90%86%e4%bc%9a%e5%b0%b1%e5%8f%99%e5%88%a9%e4%ba%9a%e4%ba%ba/,国务卿安东尼·布林肯在联合国安理会就叙利亚人道主义局势举行的简报与磋商会上发表讲话,2021年3月29日
https://www.state.gov/translations/chinese/%e5%b8%83%e6%9e%97%e8%82%af%e5%bc%ba%e8%b0%83%e9%9c%80%e9%87%8d%e7%94%b3%e5%92%8c%e9%87%8d%e6%8c%af%e7%be%8e%e5%9b%bd%e7%9a%84%e8%81%94%e7%9b%9f/,国务卿安东尼·布林肯（Antony J. Blinken）发表讲话 “重申和重振美国的联盟”,2021年3月24日
https://www.state.gov/translations/chinese/%e5%9b%bd%e5%8a%a1%e5%8d%bf%e5%ae%89%e4%b8%9c%e5%b0%bc%c2%b7%e5%b8%83%e6%9e%97%e8%82%af%e5%8f%91%e8%a1%a8%e5%a3%b0%e6%98%8e%ef%bc%8c%e8%a6%81%e6%b1%82%e4%b8%8e%e6%88%91%e6%96%b9%e4%bc%99%e4%bc%b4/,国务卿安东尼·布林肯发表声明，要求与我方伙伴共同加强对践踏人权的行为实行问责,2021年3月22日
https://www.state.gov/translations/chinese/%e8%b4%a2%e6%94%bf%e9%83%a8%e5%88%b6%e8%a3%81%e4%b8%8e%e6%96%b0%e7%96%86%e4%b8%a5%e9%87%8d%e8%b7%b5%e8%b8%8f%e4%ba%ba%e6%9d%83%e8%a1%8c%e4%b8%ba%e6%9c%89%e5%85%b3%e8%81%94%e7%9a%84%e4%b8%ad%e5%9b%bd/,财政部制裁与新疆严重践踏人权行为有关联的中国政府官员,2021年3月22日
https://www.state.gov/translations/chinese/%e5%85%b3%e4%ba%8e%e6%96%b0%e7%96%86%e7%9a%84%e8%81%94%e5%90%88%e5%a3%b0%e6%98%8e%ef%bc%88joint-statement-on-xinjiang%ef%bc%89/,关于新疆的联合声明（Joint Statement on Xinjiang）,2021年3月22日
https://www.state.gov/translations/chinese/%e5%9b%bd%e5%8a%a1%e5%8d%bf%e5%ae%89%e4%b8%9c%e5%b0%bc%c2%b7%e5%b8%83%e6%9e%97%e8%82%af%e5%92%8c%e5%9b%bd%e5%ae%b6%e5%ae%89%e5%85%a8%e9%a1%be%e9%97%ae%e6%9d%b0%e5%85%8b%c2%b7%e6%b2%99%e5%88%a9/,国务卿安东尼·布林肯和国家安全顾问杰克·沙利文对媒体发表讲话 向媒体发表的声明,2021年3月19日
https://www.state.gov/translations/chinese/%e5%aa%92%e4%bd%93%e9%80%9a%e5%91%8a-%e5%85%b3%e4%ba%8e%e5%b9%b4%e5%ba%a6%e8%88%aa%e8%a1%8c%e8%87%aa%e7%94%b1%e6%8a%a5%e5%91%8a%e7%9a%84%e5%8f%91%e5%b8%83/,媒体通告 关于年度航行自由报告的发布,2021年3月16日
https://www.state.gov/translations/chinese/%e7%be%8e%e5%9b%bd%e5%92%8c%e6%97%a5%e6%9c%ac%e6%89%a9%e5%a4%a7%e5%8d%b0%e5%ba%a6-%e5%a4%aa%e5%b9%b3%e6%b4%8b%e7%bb%8f%e6%b5%8e%e5%90%88%e4%bd%9c/,美国和日本扩大印度-太平洋经济合作,2021年3月16日
https://www.state.gov/translations/chinese/%e5%9b%bd%e5%8a%a1%e5%8d%bf%e5%b8%83%e6%9e%97%e8%82%af%e5%92%8c%e5%9b%bd%e9%98%b2%e9%83%a8%e9%95%bf%e5%a5%a5%e6%96%af%e6%b1%80%e4%b8%8e%e6%97%a5%e6%9c%ac%e9%a6%96%e7%9b%b8%e8%8f%85%e4%b9%89%e4%bc%9f/,国务卿布林肯和国防部长奥斯汀与日本首相菅义伟会谈纪要,2021年3月16日
https://www.state.gov/translations/chinese/%e6%8b%9c%e7%99%bb%e6%80%bb%e7%bb%9f%e5%9c%a82021%e5%b9%b4%e7%bd%91%e4%b8%8a%e6%85%95%e5%b0%bc%e9%bb%91%e5%ae%89%e5%85%a8%e4%bc%9a%e8%ae%ae%e5%8f%91%e8%a1%a8%e8%ae%b2%e8%af%9d/,拜登总统在2021年网上慕尼黑安全会议发表讲话,2021年2月19日
https://www.state.gov/translations/chinese/%e7%ae%80%e6%8a%a5-%e6%8b%9c%e7%99%bb%e6%80%bb%e7%bb%9f%e5%b0%86%e4%b8%ba%e5%85%a8%e7%90%83%e5%8d%ab%e7%94%9f%e4%ba%8b%e5%8a%a1%e9%87%87%e5%8f%96%e8%a1%8c%e5%8a%a8%ef%bc%8c%e6%94%af%e6%8c%81covid-19/,简报: 拜登总统将为全球卫生事务采取行动，支持COVID-19疫苗全球获取机制并呼吁开展卫生安全财政筹款行动,2021年2月18日
https://www.state.gov/translations/chinese/%e6%8b%9c%e7%99%bb%e6%80%bb%e7%bb%9f%e5%85%b3%e4%ba%8e%e7%be%8e%e5%9b%bd%e4%b8%96%e7%95%8c%e5%9c%b0%e4%bd%8d%e7%9a%84%e8%ae%b2%e8%af%9d/,拜登总统关于美国世界地位的讲话,2021年2月04日
https://www.state.gov/translations/chinese/%e5%9c%a82021-%e5%b9%b4b20%e5%b7%a5%e5%95%86%e5%b3%b0%e4%bc%9a%e5%88%9d%e5%a7%8b%e4%bc%9a%e8%ae%ae%e4%b8%bb%e9%a2%98%e5%8f%91%e8%a8%80%e9%98%b6%e6%ae%b5%e7%9a%84%e8%ae%b2%e8%af%9d-%e6%80%bb%e7%bb%9f/,在2021 年B20工商峰会初始会议主题发言阶段的讲话 总统气候问题特使约翰·克里（John Kerry）,2021年1月21日
https://www.state.gov/translations/chinese/%e4%ba%86%e8%a7%a3%e4%ba%ba%e5%8f%a3%e8%b4%a9%e8%bf%90/,了解人口贩运,2021年1月20日
https://www.state.gov/translations/chinese/%e5%b7%b4%e9%bb%8e%e6%b0%94%e5%80%99%e9%97%ae%e9%a2%98%e5%8d%8f%e8%ae%ae-%e4%bb%a3%e8%a1%a8%e7%be%8e%e5%88%a9%e5%9d%9a%e5%90%88%e4%bc%97%e5%9b%bd%e7%9a%84%e6%8e%a5%e5%8f%97%e4%b9%a6/,巴黎气候问题协议 代表美利坚合众国的接受书,2021年1月20日
