景点名称,攻略数量,点评数量,景点排名,驴友去过,星级,描述,综合评分
景点名称,攻略数量,点评数量,景点排名,驴友去过,星级,描述,综合评分
景点名称,攻略数量,点评数量,景点排名,驴友去过,星级,描述,综合评分
景点名称,攻略数量,点评数量,景点排名,驴友去过,星级,描述,综合评分
景点名称,攻略数量,点评数量,景点排名,驴友去过,星级,描述,综合评分
景点名称,攻略数量,点评数量,景点排名,驴友去过,星级,描述,综合评分
景点名称,攻略数量,点评数量,景点排名,驴友去过,星级,描述,综合评分
景点名称,攻略数量,点评数量,景点排名,驴友去过,星级,描述,综合评分
景点名称,攻略数量,点评数量,景点排名,驴友去过,星级,描述,综合评分
景点名称,攻略数量,点评数量,景点排名,驴友去过,星级,描述,综合评分
景点名称,攻略数量,点评数量,景点排名,驴友去过,星级,描述,综合评分
景点名称,攻略数量,点评数量,景点排名,驴友去过,星级,描述,综合评分
景点名称,攻略数量,点评数量,景点排名,驴友去过,星级,描述,综合评分
景点名称,攻略数量,点评数量,景点排名,驴友去过,星级,描述,综合评分
景点名称,攻略数量,点评数量,景点排名,驴友去过,星级,描述,综合评分
景点名称,攻略数量,点评数量,景点排名,驴友去过,星级,描述,综合评分
景点名称,攻略数量,点评数量,景点排名,驴友去过,星级,描述,综合评分
景点名称,攻略数量,点评数量,景点排名,驴友去过,星级,描述,综合评分
景点名称,攻略数量,点评数量,景点排名,驴友去过,星级,描述,综合评分
景点名称,攻略数量,点评数量,景点排名,驴友去过,星级,描述,综合评分
景点名称,攻略数量,点评数量,景点排名,驴友去过,星级,描述,综合评分
景点名称,攻略数量,点评数量,景点排名,驴友去过,星级,描述,综合评分
